,FoodItem,Raw_Foodcategory,Standard_Food_Category,Energy,Fat,Carb,Sugar,Protein,Sodium,Fiber,Saturated,Trans-Fats,Monounsaturated,Polyunsaturated,Cholesterol,Calcium,Magnesium,Potassium,Iron,Zinc,Phosphorus,Vitamin A,Vitamin C,Vitamin B1 (Thiamine),Vitamin B2 (Riboflavin),Vitamin B3 (Niacin),Vitamin B6 (Pyridoxine),Vitamin B9 (Folic Acid),Vitamin B12 (Cobalamin),Vitamin D,Vitamin E (Alpha Tocopherol),Vitamin K
0,Cholay (Curried Chickpeas) || JHDB,"Sabzis, Dals & Curries","Sabzis, Dals & Curries",202.33 (kcal/24 H),7.89 (gm),26.72 (gm),3.25 (gm),8.4 (gm),414.74 (mg),8.23 (gm),0.99 (gm),0.0 (gm),2.72 (gm),3.31 (gm),0.0 (mg),84.12 (mg),55.89 (mg),445.64 (mg),2.69 (mg),1.26 (mg),149.23 (mg),217.99 (ug),12.01 (mg),0.09 (mg),0.04 (mg),0.67 (mg),0.8 (mg),53.85 (ug),0.0 (ug),0.0 (ug),1.04 (mg),12.93 (ug)
0,Chicken Curry (Murgh Kari) || JHDB,"Sabzis, Dals & Curries","Sabzis, Dals & Curries",415.4 (kcal/24 H),24.6 (gm),12.76 (gm),6.71 (gm),37.4 (gm),1392.79 (mg),3.0 (gm),3.14 (gm),0.02 (gm),12.32 (gm),7.51 (gm),115.68 (mg),107.74 (mg),72.15 (mg),879.02 (mg),2.48 (mg),1.64 (mg),403.31 (mg),114.55 (ug),10.81 (mg),0.22 (mg),0.39 (mg),15.55 (mg),1.4 (mg),34.19 (ug),0.47 (ug),0.02 (ug),2.15 (mg),5.83 (ug)
0,Vegetarian Korma || JHDB,"Sabzis, Dals & Curries","Sabzis, Dals & Curries",451.5 (kcal/24 H),30.1 (gm),40.91 (gm),10.91 (gm),8.64 (gm),1406.35 (mg),8.66 (gm),15.07 (gm),0.74 (gm),9.31 (gm),3.83 (gm),67.26 (mg),118.58 (mg),78.05 (mg),1058.26 (mg),3.03 (mg),1.53 (mg),210.18 (mg),3893.9 (ug),73.22 (mg),0.29 (mg),0.29 (mg),3.18 (mg),0.67 (mg),74.75 (ug),0.1 (ug),0.94 (ug),3.23 (mg),59.91 (ug)
0,Punjabi Chicken In Thick Gravy || JHDB,"Sabzis, Dals & Curries","Sabzis, Dals & Curries",472.51 (kcal/24 H),20.8 (gm),4.81 (gm),1.37 (gm),63.3 (gm),609.41 (mg),1.2 (gm),5.94 (gm),0.05 (gm),7.19 (gm),4.76 (gm),304.85 (mg),56.65 (mg),84.06 (mg),915.45 (mg),3.81 (mg),5.89 (mg),604.47 (mg),107.96 (ug),4.52 (mg),0.3 (mg),0.6 (mg),18.41 (mg),1.39 (mg),18.99 (ug),1.86 (ug),0.08 (ug),1.25 (mg),16.5 (ug)
0,Palak Paneer || JHDB,"Sabzis, Dals & Curries","Sabzis, Dals & Curries",458.68 (kcal/24 H),36.7 (gm),24.06 (gm),4.51 (gm),16.32 (gm),586.32 (mg),9.62 (gm),10.88 (gm),0.49 (gm),19.04 (gm),3.6 (gm),48.46 (mg),534.3 (mg),300.92 (mg),2285.07 (mg),11.21 (mg),2.57 (mg),318.96 (mg),10038.36 (ug),102.8 (mg),0.33 (mg),0.94 (mg),3.2 (mg),0.86 (mg),672.7 (ug),0.52 (ug),0.0 (ug),11.51 (mg),1668.74 (ug)
0,Shahi Paneer || JHDB,"Sabzis, Dals & Curries","Sabzis, Dals & Curries",320.39 (kcal/24 H),25.65 (gm),12.44 (gm),7.27 (gm),12.34 (gm),643.81 (mg),2.46 (gm),10.89 (gm),0.45 (gm),8.95 (gm),3.42 (gm),55.65 (mg),302.95 (mg),23.11 (mg),463.0 (mg),1.21 (mg),0.41 (mg),57.91 (mg),469.51 (ug),20.19 (mg),0.07 (mg),0.06 (mg),0.87 (mg),0.18 (mg),24.89 (ug),0.03 (ug),0.09 (ug),0.98 (mg),12.27 (ug)
0,Rahma (Black Beans And Tomatoes) || JHDB,"Sabzis, Dals & Curries","Sabzis, Dals & Curries",126.56 (kcal/24 H),0.53 (gm),23.6 (gm),3.0 (gm),7.6 (gm),441.38 (mg),8.55 (gm),0.11 (gm),0.0 (gm),0.12 (gm),0.21 (gm),0.0 (mg),79.68 (mg),41.25 (mg),562.91 (mg),2.83 (mg),0.66 (mg),123.61 (mg),191.69 (ug),12.8 (mg),0.16 (mg),0.14 (mg),0.78 (mg),0.09 (mg),66.21 (ug),0.0 (ug),0.0 (ug),0.96 (mg),3.23 (ug)
0,Paneer Butter Masala || JHDB,"Sabzis, Dals & Curries","Sabzis, Dals & Curries",358.44 (kcal/24 H),23.52 (gm),26.75 (gm),3.97 (gm),13.48 (gm),753.24 (mg),2.5 (gm),11.59 (gm),0.45 (gm),6.96 (gm),1.54 (gm),53.56 (mg),311.78 (mg),76.29 (mg),799.77 (mg),2.06 (mg),0.95 (mg),104.64 (mg),197.38 (ug),32.74 (mg),0.05 (mg),0.08 (mg),0.96 (mg),0.24 (mg),17.99 (ug),0.02 (ug),0.08 (ug),0.68 (mg),4.92 (ug)
0,Matar Paneer || JHDB,"Sabzis, Dals & Curries","Sabzis, Dals & Curries",355.08 (kcal/24 H),27.79 (gm),13.8 (gm),5.66 (gm),14.54 (gm),684.54 (mg),3.92 (gm),10.1 (gm),0.5 (gm),9.34 (gm),5.5 (gm),43.06 (mg),331.04 (mg),36.14 (mg),339.9 (mg),1.81 (mg),0.83 (mg),75.91 (mg),291.58 (ug),21.25 (mg),0.12 (mg),0.08 (mg),1.07 (mg),0.14 (mg),33.18 (ug),0.0 (ug),0.0 (ug),1.81 (mg),29.71 (ug)
0,Kadai Paneer || JHDB,"Sabzis, Dals & Curries","Sabzis, Dals & Curries",393.35 (kcal/24 H),29.46 (gm),19.33 (gm),7.5 (gm),15.24 (gm),766.68 (mg),7.38 (gm),10.19 (gm),0.5 (gm),8.77 (gm),6.37 (gm),43.06 (mg),348.04 (mg),28.69 (mg),493.43 (mg),3.26 (mg),0.41 (mg),53.06 (mg),429.69 (ug),72.02 (mg),0.08 (mg),0.05 (mg),0.94 (mg),0.21 (mg),25.66 (ug),0.0 (ug),0.0 (ug),1.97 (mg),25.6 (ug)
0,Malai Kofta || JHDB,"Sabzis, Dals & Curries","Sabzis, Dals & Curries",1021.34 (kcal/24 H),74.72 (gm),73.43 (gm),6.49 (gm),28.49 (gm),626.03 (mg),10.56 (gm),17.23 (gm),0.29 (gm),34.53 (gm),17.34 (gm),30.39 (mg),319.94 (mg),300.97 (mg),1732.4 (mg),8.98 (mg),5.64 (mg),561.0 (mg),295.77 (ug),40.77 (mg),0.48 (mg),0.35 (mg),4.45 (mg),1.05 (mg),94.35 (ug),0.01 (ug),0.03 (ug),4.01 (mg),43.12 (ug)
0,Veg Manchurian || JHDB,"Sabzis, Dals & Curries","Sabzis, Dals & Curries",183.61 (kcal/24 H),9.76 (gm),22.79 (gm),6.24 (gm),2.96 (gm),1003.57 (mg),2.69 (gm),1.35 (gm),0.0 (gm),3.96 (gm),4.01 (gm),0.0 (mg),51.64 (mg),25.74 (mg),331.22 (mg),1.31 (mg),0.39 (mg),56.78 (mg),1130.65 (ug),92.94 (mg),0.12 (mg),0.12 (mg),1.36 (mg),0.26 (mg),46.23 (ug),0.0 (ug),0.0 (ug),1.86 (mg),51.9 (ug)
0,Methi Matar Malai || JHDB,"Sabzis, Dals & Curries","Sabzis, Dals & Curries",195.32 (kcal/24 H),16.5 (gm),9.63 (gm),3.78 (gm),4.11 (gm),220.25 (mg),1.85 (gm),7.8 (gm),0.19 (gm),5.62 (gm),1.25 (gm),34.07 (mg),62.77 (mg),41.74 (mg),257.0 (mg),1.71 (mg),0.89 (mg),106.98 (mg),147.12 (ug),15.22 (mg),0.12 (mg),0.17 (mg),0.82 (mg),0.1 (mg),22.5 (ug),0.04 (ug),0.33 (ug),0.17 (mg),23.2 (ug)
0,Paneer Lababdar || JHDB,"Sabzis, Dals & Curries","Sabzis, Dals & Curries",329.81 (kcal/24 H),24.1 (gm),18.07 (gm),4.19 (gm),13.55 (gm),713.02 (mg),2.26 (gm),12.54 (gm),0.53 (gm),6.68 (gm),1.38 (gm),60.83 (mg),353.09 (mg),38.65 (mg),440.82 (mg),2.11 (mg),0.75 (mg),94.76 (mg),224.86 (ug),35.49 (mg),0.08 (mg),0.09 (mg),0.46 (mg),0.33 (mg),12.94 (ug),0.03 (ug),0.17 (ug),0.59 (mg),7.08 (ug)
0,Bhindi Curry || JHDB,"Sabzis, Dals & Curries","Sabzis, Dals & Curries",249.44 (kcal/24 H),15.18 (gm),26.85 (gm),5.65 (gm),6.08 (gm),228.05 (mg),5.76 (gm),2.17 (gm),0.0 (gm),6.1 (gm),6.1 (gm),0.45 (mg),157.72 (mg),70.06 (mg),680.58 (mg),2.42 (mg),1.16 (mg),138.46 (mg),454.27 (ug),68.42 (mg),0.27 (mg),0.13 (mg),1.69 (mg),0.76 (mg),62.48 (ug),0.0 (ug),0.0 (ug),2.72 (mg),49.83 (ug)
0,Paneer Pasanda || JHDB,"Sabzis, Dals & Curries","Sabzis, Dals & Curries",621.12 (kcal/24 H),45.65 (gm),39.93 (gm),7.95 (gm),16.91 (gm),882.5 (mg),4.3 (gm),13.17 (gm),4.27 (gm),20.42 (gm),7.84 (gm),50.33 (mg),426.89 (mg),53.72 (mg),569.56 (mg),2.8 (mg),1.1 (mg),127.19 (mg),368.16 (ug),48.33 (mg),0.14 (mg),0.12 (mg),1.0 (mg),0.53 (mg),27.84 (ug),0.01 (ug),0.08 (ug),4.5 (mg),36.53 (ug)
0,Veg Handi || JHDB,"Sabzis, Dals & Curries","Sabzis, Dals & Curries",278.85 (kcal/24 H),16.0 (gm),32.03 (gm),6.58 (gm),7.2 (gm),317.88 (mg),5.92 (gm),7.33 (gm),0.1 (gm),5.52 (gm),1.48 (gm),28.44 (mg),161.4 (mg),72.27 (mg),645.81 (mg),3.2 (mg),1.59 (mg),183.4 (mg),860.76 (ug),70.42 (mg),0.21 (mg),0.18 (mg),1.57 (mg),0.74 (mg),47.2 (ug),0.04 (ug),0.16 (ug),1.16 (mg),23.09 (ug)
0,Kashmiri Dum Aloo || JHDB,"Sabzis, Dals & Curries","Sabzis, Dals & Curries",1127.44 (kcal/24 H),100.03 (gm),54.19 (gm),4.67 (gm),11.69 (gm),845.41 (mg),9.64 (gm),11.74 (gm),0.01 (gm),58.55 (gm),21.47 (gm),2.7 (mg),208.87 (mg),111.07 (mg),1315.89 (mg),4.75 (mg),1.4 (mg),194.45 (mg),367.3 (ug),50.63 (mg),0.24 (mg),0.15 (mg),3.67 (mg),0.89 (mg),40.24 (ug),0.0 (ug),0.0 (ug),2.04 (mg),16.2 (ug)
0,Gobi Masala || JHDB,"Sabzis, Dals & Curries","Sabzis, Dals & Curries",389.23 (kcal/24 H),28.1 (gm),32.25 (gm),8.41 (gm),8.59 (gm),353.23 (mg),7.57 (gm),4.86 (gm),0.06 (gm),11.33 (gm),10.24 (gm),5.9 (mg),168.23 (mg),69.6 (mg),1067.87 (mg),3.11 (mg),1.5 (mg),209.37 (mg),268.79 (ug),120.64 (mg),0.24 (mg),0.22 (mg),1.97 (mg),0.96 (mg),135.61 (ug),0.01 (ug),0.11 (ug),3.63 (mg),66.65 (ug)
0,Capsicum Masala || JHDB,"Sabzis, Dals & Curries","Sabzis, Dals & Curries",177.66 (kcal/24 H),10.41 (gm),19.31 (gm),4.42 (gm),4.7 (gm),184.24 (mg),3.9 (gm),2.44 (gm),0.0 (gm),3.92 (gm),3.51 (gm),0.0 (mg),112.39 (mg),40.3 (mg),389.4 (mg),1.8 (mg),0.89 (mg),108.6 (mg),169.65 (ug),47.92 (mg),0.16 (mg),0.08 (mg),1.28 (mg),0.56 (mg),27.41 (ug),0.0 (ug),0.0 (ug),1.55 (mg),14.93 (ug)
0,Aloo Rasedar || JHDB,"Sabzis, Dals & Curries","Sabzis, Dals & Curries",144.11 (kcal/24 H),5.43 (gm),22.42 (gm),2.57 (gm),3.09 (gm),284.4 (mg),3.59 (gm),0.75 (gm),0.0 (gm),2.28 (gm),2.09 (gm),0.0 (mg),53.13 (mg),40.02 (mg),601.02 (mg),2.1 (mg),0.52 (mg),81.57 (mg),156.36 (ug),26.4 (mg),0.11 (mg),0.05 (mg),1.5 (mg),0.36 (mg),22.39 (ug),0.0 (ug),0.0 (ug),1.01 (mg),11.6 (ug)
0,Gujarati Kadhi || JHDB,"Sabzis, Dals & Curries","Sabzis, Dals & Curries",118.93 (kcal/24 H),5.14 (gm),11.25 (gm),5.81 (gm),8.24 (gm),251.42 (mg),1.87 (gm),0.69 (gm),0.01 (gm),1.73 (gm),1.78 (gm),3.6 (mg),35.61 (mg),15.02 (mg),164.73 (mg),0.77 (mg),0.16 (mg),18.08 (mg),98.99 (ug),32.85 (mg),0.03 (mg),0.03 (mg),0.36 (mg),0.13 (mg),7.49 (ug),0.0 (ug),0.0 (ug),0.78 (mg),14.48 (ug)
0,Green Peas Masala || JHDB,"Sabzis, Dals & Curries","Sabzis, Dals & Curries",194.46 (kcal/24 H),14.13 (gm),13.87 (gm),5.55 (gm),5.34 (gm),232.43 (mg),4.29 (gm),2.6 (gm),0.0 (gm),5.96 (gm),4.88 (gm),4.33 (mg),88.21 (mg),43.01 (mg),367.97 (mg),2.29 (mg),1.03 (mg),112.37 (mg),285.87 (ug),23.91 (mg),0.14 (mg),0.13 (mg),1.3 (mg),0.15 (mg),37.57 (ug),0.13 (ug),0.02 (ug),1.97 (mg),30.04 (ug)
0,Aloo Palak || JHDB,"Sabzis, Dals & Curries","Sabzis, Dals & Curries",407.93 (kcal/24 H),11.37 (gm),72.23 (gm),8.1 (gm),10.54 (gm),385.18 (mg),11.49 (gm),5.84 (gm),0.01 (gm),2.77 (gm),0.98 (gm),21.83 (mg),164.59 (mg),175.48 (mg),2053.67 (mg),5.37 (mg),1.68 (mg),226.77 (mg),2082.23 (ug),111.87 (mg),0.3 (mg),0.27 (mg),4.13 (mg),1.1 (mg),192.48 (ug),0.0 (ug),0.0 (ug),2.3 (mg),336.13 (ug)
0,Navratan Korma || JHDB,"Sabzis, Dals & Curries","Sabzis, Dals & Curries",349.05 (kcal/24 H),24.37 (gm),28.33 (gm),9.21 (gm),10.23 (gm),239.89 (mg),6.16 (gm),8.06 (gm),0.11 (gm),7.22 (gm),6.55 (gm),31.08 (mg),124.98 (mg),85.92 (mg),620.06 (mg),2.82 (mg),1.43 (mg),181.75 (mg),927.46 (ug),69.89 (mg),0.2 (mg),0.19 (mg),1.51 (mg),0.42 (mg),49.34 (ug),0.02 (ug),0.18 (ug),1.87 (mg),16.12 (ug)
0,Aloo Gobi Matar || JHDB,"Sabzis, Dals & Curries","Sabzis, Dals & Curries",330.18 (kcal/24 H),10.82 (gm),52.7 (gm),11.28 (gm),11.19 (gm),318.27 (mg),11.09 (gm),1.54 (gm),0.0 (gm),4.18 (gm),4.39 (gm),0.0 (mg),153.67 (mg),87.83 (mg),1308.42 (mg),4.74 (mg),1.93 (mg),254.04 (mg),541.03 (ug),149.78 (mg),0.41 (mg),0.26 (mg),3.75 (mg),1.16 (mg),134.21 (ug),0.0 (ug),0.0 (ug),2.25 (mg),52.73 (ug)
0,Aloo Sabzi || JHDB,"Sabzis, Dals & Curries","Sabzis, Dals & Curries",186.69 (kcal/24 H),9.92 (gm),23.19 (gm),4.0 (gm),3.26 (gm),278.75 (mg),3.71 (gm),1.38 (gm),0.0 (gm),4.11 (gm),3.99 (gm),0.0 (mg),52.51 (mg),38.99 (mg),600.26 (mg),2.16 (mg),0.54 (mg),85.06 (mg),180.89 (ug),61.25 (mg),0.12 (mg),0.07 (mg),1.38 (mg),0.4 (mg),29.23 (ug),0.0 (ug),0.0 (ug),1.56 (mg),21.09 (ug)
0,Mix Veg || JHDB,"Sabzis, Dals & Curries","Sabzis, Dals & Curries",191.58 (kcal/24 H),14.03 (gm),15.45 (gm),6.01 (gm),3.41 (gm),265.97 (mg),4.7 (gm),3.07 (gm),0.0 (gm),5.34 (gm),4.6 (gm),8.29 (mg),66.75 (mg),34.9 (mg),501.54 (mg),1.74 (mg),0.67 (mg),83.62 (mg),1792.41 (ug),44.33 (mg),0.14 (mg),0.1 (mg),1.45 (mg),0.27 (mg),49.29 (ug),0.01 (ug),0.04 (ug),2.05 (mg),35.58 (ug)
0,Palak Corn || JHDB,"Sabzis, Dals & Curries","Sabzis, Dals & Curries",323.65 (kcal/24 H),20.33 (gm),33.52 (gm),10.88 (gm),9.34 (gm),136.57 (mg),6.44 (gm),6.11 (gm),0.0 (gm),7.85 (gm),5.23 (gm),22.11 (mg),228.77 (mg),170.67 (mg),1202.61 (mg),5.19 (mg),1.72 (mg),220.27 (mg),3481.52 (ug),84.39 (mg),0.31 (mg),0.35 (mg),3.15 (mg),0.5 (mg),282.41 (ug),0.04 (ug),0.11 (ug),4.14 (mg),566.96 (ug)
0,Veg Kolhapuri || JHDB,"Sabzis, Dals & Curries","Sabzis, Dals & Curries",245.45 (kcal/24 H),11.88 (gm),31.8 (gm),5.39 (gm),6.66 (gm),282.74 (mg),7.88 (gm),2.64 (gm),0.0 (gm),3.65 (gm),4.28 (gm),0.0 (mg),165.2 (mg),45.15 (mg),497.88 (mg),3.62 (mg),1.14 (mg),132.49 (mg),714.2 (ug),52.39 (mg),0.19 (mg),0.13 (mg),1.32 (mg),0.75 (mg),39.79 (ug),0.0 (ug),0.0 (ug),1.68 (mg),25.56 (ug)
0,Bagara Baingan || JHDB,"Sabzis, Dals & Curries","Sabzis, Dals & Curries",224.57 (kcal/24 H),17.12 (gm),17.69 (gm),5.8 (gm),4.42 (gm),209.23 (mg),6.99 (gm),3.21 (gm),0.0 (gm),6.64 (gm),6.42 (gm),0.0 (mg),150.18 (mg),61.37 (mg),424.56 (mg),2.73 (mg),1.02 (mg),106.97 (mg),109.93 (ug),59.74 (mg),0.15 (mg),0.09 (mg),1.64 (mg),0.26 (mg),42.4 (ug),0.0 (ug),0.0 (ug),2.28 (mg),24.07 (ug)
0,Pav Bhaji || JHDB,"Sabzis, Dals & Curries","Sabzis, Dals & Curries",542.24 (kcal/24 H),12.31 (gm),96.18 (gm),20.22 (gm),16.43 (gm),875.4 (mg),9.51 (gm),4.38 (gm),0.0 (gm),2.05 (gm),3.32 (gm),17.63 (mg),195.41 (mg),53.39 (mg),792.17 (mg),5.82 (mg),0.98 (mg),127.14 (mg),1664.29 (ug),87.63 (mg),1.42 (mg),0.52 (mg),7.47 (mg),0.47 (mg),70.34 (ug),0.01 (ug),0.0 (ug),1.23 (mg),28.98 (ug)
0,Veg Manchurian.1 || JHDB,"Sabzis, Dals & Curries","Sabzis, Dals & Curries",183.61 (kcal/24 H),9.76 (gm),22.79 (gm),6.24 (gm),2.96 (gm),1003.57 (mg),2.69 (gm),1.35 (gm),0.0 (gm),3.96 (gm),4.01 (gm),0.0 (mg),51.64 (mg),25.74 (mg),331.22 (mg),1.31 (mg),0.39 (mg),56.78 (mg),1130.65 (ug),92.94 (mg),0.12 (mg),0.12 (mg),1.36 (mg),0.26 (mg),46.23 (ug),0.0 (ug),0.0 (ug),1.86 (mg),51.9 (ug)
0,Bhindi Masala || JHDB,"Sabzis, Dals & Curries","Sabzis, Dals & Curries",185.28 (kcal/24 H),15.23 (gm),12.23 (gm),4.01 (gm),2.72 (gm),311.08 (mg),4.44 (gm),2.08 (gm),0.0 (gm),6.07 (gm),5.91 (gm),0.0 (mg),94.27 (mg),61.27 (mg),465.19 (mg),1.42 (mg),0.7 (mg),77.64 (mg),383.31 (ug),29.3 (mg),0.2 (mg),0.08 (mg),1.31 (mg),0.26 (mg),62.68 (ug),0.0 (ug),0.0 (ug),2.4 (mg),50.01 (ug)
0,Kadai Mushroom || JHDB,"Sabzis, Dals & Curries","Sabzis, Dals & Curries",223.26 (kcal/24 H),18.17 (gm),16.15 (gm),5.56 (gm),4.1 (gm),447.28 (mg),6.83 (gm),3.31 (gm),0.0 (gm),6.97 (gm),6.4 (gm),5.53 (mg),75.36 (mg),36.2 (mg),643.48 (mg),3.43 (mg),0.6 (mg),60.42 (mg),647.53 (ug),34.56 (mg),0.08 (mg),0.09 (mg),1.21 (mg),0.26 (mg),19.34 (ug),0.01 (ug),0.03 (ug),4.22 (mg),32.72 (ug)
0,Baingan Bharta || JHDB,"Sabzis, Dals & Curries","Sabzis, Dals & Curries",157.59 (kcal/24 H),7.66 (gm),21.95 (gm),11.32 (gm),3.89 (gm),409.78 (mg),7.57 (gm),1.08 (gm),0.0 (gm),3.01 (gm),3.17 (gm),0.0 (mg),52.35 (mg),46.14 (mg),782.46 (mg),1.2 (mg),0.67 (mg),97.12 (mg),357.18 (ug),75.88 (mg),0.16 (mg),0.12 (mg),2.02 (mg),0.42 (mg),64.65 (ug),0.0 (ug),0.0 (ug),2.14 (mg),26.89 (ug)
0,Bharwa Shimla Mirch || JHDB,"Sabzis, Dals & Curries","Sabzis, Dals & Curries",538.61 (kcal/24 H),15.13 (gm),94.28 (gm),12.83 (gm),12.1 (gm),435.34 (mg),14.75 (gm),2.25 (gm),0.0 (gm),6.0 (gm),6.17 (gm),0.0 (mg),100.89 (mg),136.21 (mg),2414.4 (mg),5.38 (mg),1.81 (mg),321.64 (mg),385.96 (ug),334.09 (mg),0.53 (mg),0.24 (mg),6.01 (mg),1.95 (mg),103.75 (ug),0.0 (ug),0.0 (ug),2.9 (mg),47.54 (ug)
0,Kurkuri Bhindi (Bhindi Fry) || JHDB,"Sabzis, Dals & Curries","Sabzis, Dals & Curries",411.84 (kcal/24 H),36.54 (gm),18.58 (gm),3.36 (gm),5.65 (gm),332.49 (mg),6.38 (gm),4.97 (gm),0.0 (gm),15.06 (gm),14.89 (gm),0.0 (mg),117.68 (mg),76.36 (mg),520.88 (mg),1.75 (mg),0.82 (mg),83.73 (mg),331.47 (ug),28.98 (mg),0.26 (mg),0.08 (mg),1.37 (mg),0.29 (mg),75.31 (ug),0.0 (ug),0.0 (ug),4.73 (mg),81.17 (ug)
0,Baby Potato  With Peas || JHDB,"Sabzis, Dals & Curries","Sabzis, Dals & Curries",307.45 (kcal/24 H),15.29 (gm),35.97 (gm),4.63 (gm),7.78 (gm),616.98 (mg),6.3 (gm),2.07 (gm),0.0 (gm),6.36 (gm),6.04 (gm),0.0 (mg),63.5 (mg),36.33 (mg),292.81 (mg),4.15 (mg),0.92 (mg),86.01 (mg),273.21 (ug),104.14 (mg),0.18 (mg),0.11 (mg),1.56 (mg),0.18 (mg),41.23 (ug),0.0 (ug),0.0 (ug),2.2 (mg),34.03 (ug)
0,Karela Sabzi || JHDB,"Sabzis, Dals & Curries","Sabzis, Dals & Curries",132.4 (kcal/24 H),9.55 (gm),10.86 (gm),2.93 (gm),0.9 (gm),274.56 (mg),3.31 (gm),1.34 (gm),0.0 (gm),3.96 (gm),3.9 (gm),0.0 (mg),20.3 (mg),7.86 (mg),118.03 (mg),1.14 (mg),0.14 (mg),21.43 (mg),147.61 (ug),79.49 (mg),0.03 (mg),0.02 (mg),0.13 (mg),0.09 (mg),12.84 (ug),0.0 (ug),0.0 (ug),1.29 (mg),11.78 (ug)
0,Aloo Methi || JHDB,"Sabzis, Dals & Curries","Sabzis, Dals & Curries",175.78 (kcal/24 H),9.97 (gm),18.25 (gm),0.74 (gm),4.09 (gm),263.46 (mg),2.36 (gm),1.19 (gm),0.0 (gm),5.5 (gm),2.18 (gm),0.0 (mg),73.35 (mg),45.89 (mg),740.14 (mg),2.9 (mg),0.25 (mg),83.26 (mg),4.18 (ug),36.14 (mg),0.19 (mg),0.29 (mg),1.78 (mg),0.25 (mg),12.74 (ug),0.0 (ug),0.0 (ug),0.02 (mg),65.67 (ug)
0,Jeera Aloo || JHDB,"Sabzis, Dals & Curries","Sabzis, Dals & Curries",165.05 (kcal/24 H),8.82 (gm),20.26 (gm),1.85 (gm),2.72 (gm),405.29 (mg),2.69 (gm),0.93 (gm),0.0 (gm),1.82 (gm),5.61 (gm),0.0 (mg),29.99 (mg),33.6 (mg),526.68 (mg),2.09 (mg),0.45 (mg),73.83 (mg),109.4 (ug),64.47 (mg),0.11 (mg),0.06 (mg),1.33 (mg),0.36 (mg),20.31 (ug),0.0 (ug),0.0 (ug),3.75 (mg),7.91 (ug)
0,Mushroom Fry || JHDB,"Sabzis, Dals & Curries","Sabzis, Dals & Curries",196.5 (kcal/24 H),14.79 (gm),15.33 (gm),6.96 (gm),3.88 (gm),396.24 (mg),4.06 (gm),2.07 (gm),0.0 (gm),6.15 (gm),5.85 (gm),0.0 (mg),28.43 (mg),19.99 (mg),616.11 (mg),2.68 (mg),0.28 (mg),40.96 (mg),172.17 (ug),118.74 (mg),0.07 (mg),0.06 (mg),0.53 (mg),0.2 (mg),21.29 (ug),0.0 (ug),0.0 (ug),2.01 (mg),25.26 (ug)
0,Aloo Beans || JHDB,"Sabzis, Dals & Curries","Sabzis, Dals & Curries",241.43 (kcal/24 H),10.9 (gm),33.52 (gm),3.48 (gm),4.58 (gm),217.37 (mg),5.46 (gm),1.55 (gm),0.0 (gm),4.44 (gm),4.49 (gm),0.0 (mg),46.34 (mg),53.66 (mg),830.24 (mg),2.31 (mg),0.66 (mg),116.94 (mg),160.86 (ug),39.14 (mg),0.18 (mg),0.12 (mg),2.2 (mg),0.57 (mg),44.76 (ug),0.0 (ug),0.0 (ug),1.65 (mg),42.85 (ug)
0,Beetroot-Thoran || JHDB,"Sabzis, Dals & Curries","Sabzis, Dals & Curries",142.55 (kcal/24 H),8.13 (gm),15.59 (gm),7.06 (gm),3.94 (gm),312.2 (mg),5.43 (gm),1.13 (gm),0.0 (gm),3.16 (gm),3.08 (gm),0.0 (mg),62.88 (mg),33.02 (mg),396.59 (mg),1.92 (mg),0.78 (mg),84.0 (mg),258.95 (ug),47.74 (mg),0.18 (mg),0.1 (mg),1.3 (mg),0.23 (mg),65.9 (ug),0.0 (ug),0.0 (ug),1.42 (mg),73.39 (ug)
0,Mooli Sabzi || JHDB,"Sabzis, Dals & Curries","Sabzis, Dals & Curries",122.16 (kcal/24 H),10.68 (gm),6.24 (gm),3.4 (gm),1.48 (gm),436.02 (mg),2.2 (gm),1.29 (gm),0.0 (gm),6.21 (gm),2.3 (gm),0.61 (mg),35.56 (mg),17.23 (mg),349.79 (mg),0.67 (mg),0.39 (mg),33.53 (mg),82.56 (ug),71.74 (mg),0.03 (mg),0.07 (mg),0.51 (mg),0.15 (mg),34.16 (ug),0.0 (ug),0.0 (ug),0.15 (mg),4.72 (ug)
0,Aloo Gajar Matar || JHDB,"Sabzis, Dals & Curries","Sabzis, Dals & Curries",268.19 (kcal/24 H),11.3 (gm),37.5 (gm),8.77 (gm),6.61 (gm),452.91 (mg),8.04 (gm),1.56 (gm),0.0 (gm),4.58 (gm),4.62 (gm),0.0 (mg),68.35 (mg),63.44 (mg),952.75 (mg),2.93 (mg),1.32 (mg),164.51 (mg),3978.02 (ug),102.77 (mg),0.31 (mg),0.17 (mg),3.33 (mg),0.6 (mg),72.01 (ug),0.0 (ug),0.0 (ug),2.02 (mg),42.79 (ug)
0,Palak Ki Sabzi || JHDB,"Sabzis, Dals & Curries","Sabzis, Dals & Curries",343.73 (kcal/24 H),15.08 (gm),48.84 (gm),5.65 (gm),7.99 (gm),338.16 (mg),8.38 (gm),5.93 (gm),0.0 (gm),4.03 (gm),4.12 (gm),0.0 (mg),119.05 (mg),116.81 (mg),1457.81 (mg),4.98 (mg),1.2 (mg),183.55 (mg),2004.64 (ug),136.43 (mg),0.27 (mg),0.23 (mg),3.12 (mg),0.91 (mg),175.31 (ug),0.0 (ug),0.0 (ug),2.79 (mg),341.93 (ug)
0,Raw Banana Poriyal || JHDB,"Sabzis, Dals & Curries","Sabzis, Dals & Curries",209.57 (kcal/24 H),10.45 (gm),31.09 (gm),15.14 (gm),2.65 (gm),52.95 (mg),4.96 (gm),8.56 (gm),0.0 (gm),0.55 (gm),0.38 (gm),0.0 (mg),20.63 (mg),39.5 (mg),484.24 (mg),1.49 (mg),0.36 (mg),42.72 (mg),213.02 (ug),10.95 (mg),0.06 (mg),0.11 (mg),1.08 (mg),0.48 (mg),33.0 (ug),0.0 (ug),0.0 (ug),0.86 (mg),8.71 (ug)
0,Pumpkin Bhaji || JHDB,"Sabzis, Dals & Curries","Sabzis, Dals & Curries",298.9 (kcal/24 H),18.25 (gm),34.04 (gm),5.96 (gm),6.83 (gm),476.5 (mg),5.04 (gm),10.17 (gm),0.0 (gm),3.32 (gm),3.33 (gm),0.0 (mg),150.12 (mg),41.96 (mg),811.77 (mg),4.09 (mg),1.33 (mg),170.49 (mg),4117.59 (ug),31.75 (mg),0.21 (mg),0.26 (mg),1.68 (mg),0.84 (mg),29.81 (ug),0.0 (ug),0.0 (ug),3.55 (mg),22.89 (ug)
0,Kale Leaves Recipe || JHDB,"Sabzis, Dals & Curries","Sabzis, Dals & Curries",777.15 (kcal/24 H),22.08 (gm),126.54 (gm),30.52 (gm),55.19 (gm),1038.17 (mg),45.36 (gm),2.6 (gm),0.0 (gm),5.09 (gm),8.51 (gm),0.0 (mg),1894.9 (mg),584.68 (mg),6260.26 (mg),19.13 (mg),7.27 (mg),1175.4 (mg),36067.49 (ug),1509.06 (mg),1.42 (mg),1.63 (mg),12.54 (mg),3.78 (mg),1703.73 (ug),0.0 (ug),0.0 (ug),19.95 (mg),8489.82 (ug)
0,Broccoli Basil || JHDB,"Sabzis, Dals & Curries","Sabzis, Dals & Curries",420.67 (kcal/24 H),30.24 (gm),34.39 (gm),11.75 (gm),11.74 (gm),890.17 (mg),11.41 (gm),4.15 (gm),0.0 (gm),20.92 (gm),3.38 (gm),0.0 (mg),204.07 (mg),99.05 (mg),1616.9 (mg),3.53 (mg),1.86 (mg),281.66 (mg),1276.11 (ug),307.91 (mg),0.33 (mg),0.42 (mg),3.54 (mg),0.89 (mg),231.77 (ug),0.0 (ug),0.0 (ug),7.84 (mg),370.15 (ug)
0,Gawar Beans || JHDB,"Sabzis, Dals & Curries","Sabzis, Dals & Curries",352.56 (kcal/24 H),5.79 (gm),57.22 (gm),4.24 (gm),18.66 (gm),271.69 (mg),13.92 (gm),0.86 (gm),0.0 (gm),2.16 (gm),2.3 (gm),0.0 (mg),106.33 (mg),155.86 (mg),1303.49 (mg),4.67 (mg),2.04 (mg),363.01 (mg),101.67 (ug),46.22 (mg),0.63 (mg),0.2 (mg),1.26 (mg),0.49 (mg),449.41 (ug),0.0 (ug),0.0 (ug),0.94 (mg),14.82 (ug)
0,French Beans Recipe || JHDB,"Sabzis, Dals & Curries","Sabzis, Dals & Curries",145.66 (kcal/24 H),9.02 (gm),15.62 (gm),7.06 (gm),3.49 (gm),399.54 (mg),4.63 (gm),2.18 (gm),0.0 (gm),3.28 (gm),3.15 (gm),0.0 (mg),64.48 (mg),44.27 (mg),415.41 (mg),2.22 (mg),0.56 (mg),81.45 (mg),349.78 (ug),71.88 (mg),0.14 (mg),0.15 (mg),1.14 (mg),0.28 (mg),53.1 (ug),0.0 (ug),0.0 (ug),1.56 (mg),64.11 (ug)
0,Snake Gourd || JHDB,"Sabzis, Dals & Curries","Sabzis, Dals & Curries",138.14 (kcal/24 H),9.02 (gm),13.09 (gm),3.36 (gm),4.33 (gm),263.66 (mg),8.54 (gm),2.47 (gm),0.0 (gm),3.2 (gm),2.99 (gm),0.0 (mg),55.79 (mg),12.07 (mg),94.3 (mg),1.01 (mg),0.18 (mg),21.07 (mg),91.63 (ug),37.11 (mg),0.03 (mg),0.02 (mg),0.24 (mg),0.05 (mg),6.98 (ug),0.0 (ug),0.0 (ug),1.04 (mg),16.18 (ug)
0,Dry Green Peas || JHDB,"Sabzis, Dals & Curries","Sabzis, Dals & Curries",176.65 (kcal/24 H),8.17 (gm),20.89 (gm),8.02 (gm),7.02 (gm),421.0 (mg),7.62 (gm),1.11 (gm),0.0 (gm),3.36 (gm),3.23 (gm),0.0 (mg),87.5 (mg),56.93 (mg),420.03 (mg),3.13 (mg),1.59 (mg),143.78 (mg),402.23 (ug),98.78 (mg),0.32 (mg),0.18 (mg),2.7 (mg),0.27 (mg),76.47 (ug),0.0 (ug),0.0 (ug),1.42 (mg),40.78 (ug)
0,Drumstick Sabji || JHDB,"Sabzis, Dals & Curries","Sabzis, Dals & Curries",294.66 (kcal/24 H),20.44 (gm),4.26 (gm),1.21 (gm),23.72 (gm),366.39 (mg),1.76 (gm),8.1 (gm),0.06 (gm),6.3 (gm),4.07 (gm),115.0 (mg),22.89 (mg),30.85 (mg),343.56 (mg),2.07 (mg),2.47 (mg),218.95 (mg),192.07 (ug),27.65 (mg),0.12 (mg),0.27 (mg),6.35 (mg),0.49 (mg),8.21 (ug),0.66 (ug),0.06 (ug),1.27 (mg),13.74 (ug)
0,Tinda Sabji || JHDB,"Sabzis, Dals & Curries","Sabzis, Dals & Curries",157.35 (kcal/24 H),15.11 (gm),12.44 (gm),6.75 (gm),3.61 (gm),210.92 (mg),2.11 (gm),1.51 (gm),0.0 (gm),4.53 (gm),4.46 (gm),0.0 (mg),28.89 (mg),34.3 (mg),300.65 (mg),2.07 (mg),0.29 (mg),68.78 (mg),272.42 (ug),38.21 (mg),0.06 (mg),0.13 (mg),0.67 (mg),0.15 (mg),19.27 (ug),0.0 (ug),0.0 (ug),1.9 (mg),21.79 (ug)
0,Rajma Masala || JHDB,"Sabzis, Dals & Curries","Sabzis, Dals & Curries",206.41 (kcal/24 H),6.35 (gm),29.76 (gm),4.1 (gm),9.74 (gm),177.17 (mg),7.2 (gm),3.48 (gm),0.04 (gm),1.7 (gm),0.52 (gm),15.29 (mg),81.35 (mg),69.13 (mg),732.74 (mg),3.16 (mg),1.29 (mg),187.68 (mg),219.14 (ug),33.33 (mg),0.27 (mg),0.12 (mg),1.26 (mg),0.28 (mg),160.88 (ug),0.02 (ug),0.07 (ug),0.62 (mg),8.01 (ug)
0,Chana Dal || JHDB,"Sabzis, Dals & Curries","Sabzis, Dals & Curries",244.26 (kcal/24 H),10.99 (gm),37.1 (gm),4.31 (gm),12.32 (gm),212.01 (mg),15.06 (gm),1.51 (gm),0.0 (gm),4.58 (gm),4.43 (gm),0.0 (mg),61.08 (mg),16.84 (mg),186.44 (mg),2.86 (mg),0.24 (mg),27.91 (mg),151.77 (ug),9.18 (mg),0.04 (mg),0.03 (mg),0.4 (mg),0.09 (mg),11.23 (ug),0.0 (ug),0.0 (ug),1.65 (mg),17.3 (ug)
0,Rajma Chawal || JHDB,"Sabzis, Dals & Curries","Sabzis, Dals & Curries",367.89 (kcal/24 H),10.31 (gm),59.66 (gm),4.26 (gm),9.01 (gm),809.83 (mg),3.6 (gm),5.61 (gm),0.0 (gm),2.48 (gm),0.58 (gm),19.59 (mg),127.91 (mg),40.65 (mg),384.71 (mg),4.71 (mg),0.92 (mg),105.91 (mg),331.94 (ug),58.7 (mg),0.37 (mg),0.07 (mg),2.89 (mg),0.27 (mg),221.9 (ug),0.02 (ug),0.0 (ug),0.96 (mg),8.87 (ug)
0,Khichdi Recipe (Dal Khichdi) || JHDB,"Sabzis, Dals & Curries","Sabzis, Dals & Curries",507.11 (kcal/24 H),14.32 (gm),79.29 (gm),4.59 (gm),16.98 (gm),460.34 (mg),9.75 (gm),8.15 (gm),0.0 (gm),4.02 (gm),0.83 (gm),32.75 (mg),163.85 (mg),131.3 (mg),858.52 (mg),5.13 (mg),2.15 (mg),272.0 (mg),87.31 (ug),6.28 (mg),0.38 (mg),0.16 (mg),2.11 (mg),0.32 (mg),332.51 (ug),0.0 (ug),0.0 (ug),0.39 (mg),5.02 (ug)
0,Moong Dal Tadka || JHDB,"Sabzis, Dals & Curries","Sabzis, Dals & Curries",226.16 (kcal/24 H),7.76 (gm),32.54 (gm),4.02 (gm),9.33 (gm),214.62 (mg),5.97 (gm),1.12 (gm),0.0 (gm),3.08 (gm),3.15 (gm),0.0 (mg),126.96 (mg),70.34 (mg),623.66 (mg),3.2 (mg),1.28 (mg),171.68 (mg),143.82 (ug),45.27 (mg),0.27 (mg),0.12 (mg),1.2 (mg),0.63 (mg),172.45 (ug),0.0 (ug),0.0 (ug),1.32 (mg),15.53 (ug)
0,Maa Ki Dal || JHDB,"Sabzis, Dals & Curries","Sabzis, Dals & Curries",242.11 (kcal/24 H),4.45 (gm),39.37 (gm),4.46 (gm),13.72 (gm),216.52 (mg),7.26 (gm),0.62 (gm),0.0 (gm),1.71 (gm),1.83 (gm),0.0 (mg),65.39 (mg),44.27 (mg),605.83 (mg),4.23 (mg),1.92 (mg),176.62 (mg),238.4 (ug),40.78 (mg),0.49 (mg),0.14 (mg),1.9 (mg),0.41 (mg),257.08 (ug),0.0 (ug),0.0 (ug),1.24 (mg),14.81 (ug)
0,Masoor Dal || JHDB,"Sabzis, Dals & Curries","Sabzis, Dals & Curries",205.38 (kcal/24 H),7.7 (gm),28.18 (gm),3.9 (gm),8.31 (gm),212.12 (mg),4.42 (gm),1.07 (gm),0.0 (gm),3.09 (gm),3.16 (gm),0.0 (mg),80.68 (mg),34.14 (mg),457.9 (mg),2.93 (mg),1.23 (mg),126.04 (mg),174.6 (ug),57.01 (mg),0.29 (mg),0.11 (mg),1.28 (mg),0.51 (mg),131.15 (ug),0.0 (ug),0.0 (ug),1.39 (mg),16.52 (ug)
0,Dal Palak (Creamy Lentils With Spinach) || JHDB,"Sabzis, Dals & Curries","Sabzis, Dals & Curries",129.08 (kcal/24 H),7.06 (gm),13.33 (gm),1.34 (gm),4.75 (gm),221.79 (mg),2.74 (gm),4.03 (gm),0.0 (gm),1.95 (gm),0.51 (gm),16.37 (mg),51.71 (mg),35.87 (mg),309.79 (mg),2.16 (mg),0.71 (mg),67.78 (mg),529.11 (ug),37.15 (mg),0.18 (mg),0.09 (mg),0.89 (mg),0.15 (mg),111.72 (ug),0.0 (ug),0.0 (ug),0.66 (mg),78.16 (ug)
0,Dhaba Dal (Made With 5 Lentils) || JHDB,"Sabzis, Dals & Curries","Sabzis, Dals & Curries",229.89 (kcal/24 H),8.21 (gm),34.48 (gm),5.2 (gm),10.81 (gm),387.23 (mg),9.75 (gm),4.26 (gm),0.0 (gm),2.21 (gm),0.93 (gm),16.37 (mg),107.3 (mg),66.53 (mg),636.34 (mg),4.79 (mg),1.4 (mg),142.91 (mg),600.64 (ug),84.9 (mg),0.3 (mg),0.16 (mg),1.91 (mg),0.39 (mg),166.61 (ug),0.0 (ug),0.0 (ug),2.26 (mg),20.11 (ug)
0,Tomato Pappu || JHDB,"Sabzis, Dals & Curries","Sabzis, Dals & Curries",123.06 (kcal/24 H),7.82 (gm),11.45 (gm),3.13 (gm),3.02 (gm),206.91 (mg),2.5 (gm),1.09 (gm),0.0 (gm),3.1 (gm),3.23 (gm),0.0 (mg),44.22 (mg),33.33 (mg),337.31 (mg),1.12 (mg),0.5 (mg),62.53 (mg),198.89 (ug),45.46 (mg),0.15 (mg),0.07 (mg),1.04 (mg),0.14 (mg),57.73 (ug),0.0 (ug),0.0 (ug),1.38 (mg),23.77 (ug)
0,Mung Beans Sprouts || JHDB,"Sabzis, Dals & Curries","Sabzis, Dals & Curries",358.94 (kcal/24 H),1.19 (gm),64.77 (gm),6.83 (gm),24.68 (gm),22.72 (mg),16.86 (gm),0.36 (gm),0.0 (gm),0.17 (gm),0.4 (gm),0.0 (mg),179.74 (mg),202.7 (mg),1292.46 (mg),6.98 (mg),2.79 (mg),379.63 (mg),35.38 (ug),4.96 (mg),0.64 (mg),0.24 (mg),2.33 (mg),0.4 (mg),646.5 (ug),0.0 (ug),0.0 (ug),0.53 (mg),9.31 (ug)
0,Usal  Curry || JHDB,"Sabzis, Dals & Curries","Sabzis, Dals & Curries",226.17 (kcal/24 H),16.87 (gm),15.33 (gm),2.02 (gm),8.31 (gm),398.65 (mg),6.68 (gm),5.5 (gm),0.0 (gm),4.87 (gm),4.46 (gm),0.0 (mg),69.12 (mg),20.88 (mg),178.18 (mg),1.22 (mg),0.31 (mg),37.5 (mg),117.42 (ug),12.67 (mg),0.04 (mg),0.04 (mg),0.47 (mg),0.09 (mg),6.95 (ug),0.0 (ug),0.0 (ug),1.56 (mg),16.07 (ug)
0,Cabbage Chana Dal (Cabbage Upkari) || JHDB,"Sabzis, Dals & Curries","Sabzis, Dals & Curries",360.52 (kcal/24 H),13.32 (gm),54.64 (gm),18.3 (gm),13.02 (gm),248.28 (mg),15.49 (gm),3.86 (gm),0.0 (gm),4.22 (gm),4.3 (gm),0.0 (mg),266.67 (mg),89.29 (mg),1143.97 (mg),4.43 (mg),2.0 (mg),248.9 (mg),202.18 (ug),194.75 (mg),0.47 (mg),0.28 (mg),1.81 (mg),1.16 (mg),308.98 (ug),0.0 (ug),0.0 (ug),2.02 (mg),347.73 (ug)
0,Akkha Masoor (Kolhapuri Style) || JHDB,"Sabzis, Dals & Curries","Sabzis, Dals & Curries",274.05 (kcal/24 H),14.85 (gm),27.67 (gm),3.84 (gm),9.97 (gm),325.29 (mg),6.26 (gm),4.04 (gm),0.0 (gm),5.38 (gm),4.08 (gm),0.0 (mg),56.12 (mg),43.79 (mg),455.76 (mg),3.35 (mg),1.52 (mg),143.77 (mg),212.71 (ug),10.57 (mg),0.34 (mg),0.1 (mg),1.51 (mg),0.28 (mg),171.22 (ug),0.0 (ug),0.0 (ug),2.33 (mg),9.68 (ug)
0,Methi Dal || JHDB,"Sabzis, Dals & Curries","Sabzis, Dals & Curries",361.69 (kcal/24 H),16.3 (gm),47.41 (gm),6.99 (gm),11.3 (gm),345.99 (mg),7.51 (gm),2.35 (gm),0.0 (gm),6.1 (gm),6.83 (gm),0.0 (mg),226.78 (mg),96.78 (mg),1056.07 (mg),4.56 (mg),1.8 (mg),235.05 (mg),415.48 (ug),131.41 (mg),0.49 (mg),0.33 (mg),3.01 (mg),1.02 (mg),138.07 (ug),0.0 (ug),0.0 (ug),3.24 (mg),61.81 (ug)
0,Gujarati Dal || JHDB,"Sabzis, Dals & Curries","Sabzis, Dals & Curries",169.12 (kcal/24 H),8.27 (gm),22.23 (gm),7.18 (gm),4.17 (gm),299.31 (mg),4.73 (gm),4.28 (gm),0.01 (gm),2.2 (gm),1.0 (gm),16.37 (mg),89.68 (mg),55.74 (mg),425.09 (mg),2.49 (mg),0.77 (mg),79.89 (mg),360.0 (ug),43.52 (mg),0.19 (mg),0.12 (mg),1.51 (mg),0.16 (mg),73.89 (ug),0.0 (ug),0.0 (ug),1.64 (mg),21.12 (ug)
0,Arhar Dal || JHDB,"Sabzis, Dals & Curries","Sabzis, Dals & Curries",165.81 (kcal/24 H),10.48 (gm),16.28 (gm),3.6 (gm),4.07 (gm),288.38 (mg),3.96 (gm),6.01 (gm),0.0 (gm),2.83 (gm),0.84 (gm),24.48 (mg),69.36 (mg),46.74 (mg),430.02 (mg),2.06 (mg),0.67 (mg),81.0 (mg),301.79 (ug),57.41 (mg),0.19 (mg),0.1 (mg),1.32 (mg),0.18 (mg),72.93 (ug),0.02 (ug),0.0 (ug),1.12 (mg),19.41 (ug)
0,Dal Fry || JHDB,"Sabzis, Dals & Curries","Sabzis, Dals & Curries",137.24 (kcal/24 H),8.8 (gm),13.18 (gm),3.28 (gm),3.58 (gm),315.58 (mg),3.69 (gm),1.24 (gm),0.0 (gm),3.24 (gm),3.47 (gm),0.0 (mg),59.13 (mg),40.38 (mg),377.52 (mg),2.34 (mg),0.63 (mg),70.81 (mg),442.61 (ug),68.32 (mg),0.15 (mg),0.11 (mg),1.34 (mg),0.19 (mg),57.42 (ug),0.0 (ug),0.0 (ug),2.47 (mg),27.75 (ug)
0,Vellapayar Curry || JHDB,"Sabzis, Dals & Curries","Sabzis, Dals & Curries",263.68 (kcal/24 H),13.31 (gm),30.72 (gm),4.62 (gm),10.04 (gm),262.17 (mg),7.69 (gm),10.63 (gm),0.01 (gm),1.12 (gm),0.59 (gm),0.0 (mg),124.65 (mg),32.73 (mg),655.91 (mg),4.43 (mg),0.44 (mg),43.24 (mg),308.57 (ug),59.22 (mg),0.06 (mg),0.06 (mg),0.71 (mg),0.16 (mg),14.58 (ug),0.0 (ug),0.0 (ug),1.29 (mg),15.93 (ug)
0,Goan Dal || JHDB,"Sabzis, Dals & Curries","Sabzis, Dals & Curries",283.32 (kcal/24 H),14.74 (gm),30.31 (gm),4.94 (gm),9.87 (gm),287.31 (mg),8.34 (gm),11.8 (gm),0.0 (gm),1.4 (gm),0.43 (gm),0.0 (mg),68.3 (mg),28.07 (mg),192.06 (mg),2.63 (mg),0.5 (mg),57.87 (mg),54.97 (ug),5.29 (mg),0.06 (mg),0.03 (mg),0.36 (mg),0.12 (mg),14.24 (ug),0.0 (ug),0.0 (ug),0.27 (mg),7.25 (ug)
0,Drumstick Dal || JHDB,"Sabzis, Dals & Curries","Sabzis, Dals & Curries",256.56 (kcal/24 H),13.57 (gm),18.46 (gm),3.53 (gm),16.31 (gm),503.2 (mg),3.54 (gm),5.68 (gm),0.03 (gm),4.35 (gm),2.02 (gm),73.87 (mg),85.12 (mg),67.18 (mg),617.03 (mg),2.41 (mg),1.94 (mg),198.7 (mg),162.42 (ug),76.83 (mg),0.3 (mg),0.24 (mg),4.47 (mg),0.36 (mg),101.08 (ug),0.33 (ug),0.03 (ug),0.58 (mg),21.93 (ug)
0,Mamidikaya Pappu (Mango Dal) || JHDB,"Sabzis, Dals & Curries","Sabzis, Dals & Curries",126.41 (kcal/24 H),7.76 (gm),12.65 (gm),4.74 (gm),2.78 (gm),205.5 (mg),2.3 (gm),1.1 (gm),0.0 (gm),3.08 (gm),3.2 (gm),0.0 (mg),45.2 (mg),30.54 (mg),259.43 (mg),0.94 (mg),0.43 (mg),53.79 (mg),152.5 (ug),46.76 (mg),0.13 (mg),0.07 (mg),0.9 (mg),0.12 (mg),59.89 (ug),0.0 (ug),0.0 (ug),1.32 (mg),21.07 (ug)
0,Parippu Curry || JHDB,"Sabzis, Dals & Curries","Sabzis, Dals & Curries",169.74 (kcal/24 H),8.25 (gm),19.3 (gm),3.42 (gm),6.65 (gm),316.11 (mg),5.66 (gm),6.65 (gm),0.0 (gm),0.63 (gm),0.4 (gm),0.0 (mg),62.99 (mg),59.48 (mg),433.55 (mg),2.63 (mg),0.91 (mg),115.37 (mg),240.96 (ug),38.98 (mg),0.18 (mg),0.09 (mg),0.97 (mg),0.19 (mg),153.31 (ug),0.0 (ug),0.0 (ug),0.96 (mg),10.76 (ug)
0,Poricha Kootu || JHDB,"Sabzis, Dals & Curries","Sabzis, Dals & Curries",164.14 (kcal/24 H),9.01 (gm),16.34 (gm),2.52 (gm),5.93 (gm),204.17 (mg),5.1 (gm),7.38 (gm),0.0 (gm),0.69 (gm),0.31 (gm),0.0 (mg),67.64 (mg),47.57 (mg),317.36 (mg),2.16 (mg),0.73 (mg),90.57 (mg),66.21 (ug),17.71 (mg),0.15 (mg),0.06 (mg),0.7 (mg),0.15 (mg),128.16 (ug),0.0 (ug),0.0 (ug),0.28 (mg),7.75 (ug)
0,Kadhi Recipe | Kadhi Pakora || JHDB,"Sabzis, Dals & Curries","Sabzis, Dals & Curries",272.19 (kcal/24 H),10.84 (gm),25.29 (gm),7.39 (gm),20.27 (gm),897.03 (mg),5.06 (gm),1.27 (gm),0.0 (gm),5.54 (gm),2.83 (gm),7.74 (mg),50.45 (mg),18.95 (mg),433.59 (mg),1.37 (mg),0.3 (mg),33.69 (mg),312.37 (ug),47.41 (mg),0.05 (mg),0.06 (mg),0.57 (mg),0.17 (mg),13.36 (ug),0.0 (ug),0.0 (ug),1.16 (mg),8.6 (ug)
0,Chilli Mushroom || JHDB,"Sabzis, Dals & Curries","Sabzis, Dals & Curries",310.42 (kcal/24 H),11.79 (gm),47.89 (gm),9.83 (gm),8.13 (gm),1235.85 (mg),8.14 (gm),1.74 (gm),0.0 (gm),4.59 (gm),4.75 (gm),0.0 (mg),60.84 (mg),57.2 (mg),867.92 (mg),3.55 (mg),1.12 (mg),148.07 (mg),235.2 (ug),169.82 (mg),0.19 (mg),0.14 (mg),2.43 (mg),0.52 (mg),39.78 (ug),0.0 (ug),0.0 (ug),1.56 (mg),21.76 (ug)
0,Instant Pot Tomato Rasam || JHDB,"Sabzis, Dals & Curries","Sabzis, Dals & Curries",63.02 (kcal/24 H),4.26 (gm),6.2 (gm),1.95 (gm),1.62 (gm),281.47 (mg),2.15 (gm),0.6 (gm),0.0 (gm),1.64 (gm),1.78 (gm),0.0 (mg),38.97 (mg),18.52 (mg),250.68 (mg),1.32 (mg),0.37 (mg),39.03 (mg),441.78 (ug),10.26 (mg),0.05 (mg),0.05 (mg),0.81 (mg),0.17 (mg),14.61 (ug),0.0 (ug),0.0 (ug),1.56 (mg),13.8 (ug)
0,Sambar (Indian Lentil Curry) || JHDB,"Sabzis, Dals & Curries","Sabzis, Dals & Curries",205.78 (kcal/24 H),2.47 (gm),33.5 (gm),3.01 (gm),13.43 (gm),448.87 (mg),16.29 (gm),0.34 (gm),0.0 (gm),0.92 (gm),0.99 (gm),0.0 (mg),90.71 (mg),80.9 (mg),606.28 (mg),4.87 (mg),2.56 (mg),243.13 (mg),184.56 (ug),18.99 (mg),0.46 (mg),0.13 (mg),1.76 (mg),0.35 (mg),239.43 (ug),0.0 (ug),0.0 (ug),1.14 (mg),9.22 (ug)
0,Veg Biryani (Hyderabadi Vegetable Dum Biryani) || JHDB,Rice based Dishes,Rice based Dishes,458.98 (kcal/24 H),13.24 (gm),68.12 (gm),7.96 (gm),17.02 (gm),464.23 (mg),6.5 (gm),5.73 (gm),0.01 (gm),4.88 (gm),1.55 (gm),25.14 (mg),144.73 (mg),79.82 (mg),599.32 (mg),4.83 (mg),1.69 (mg),196.65 (mg),1310.87 (ug),74.3 (mg),0.5 (mg),0.22 (mg),4.06 (mg),0.41 (mg),288.96 (ug),0.07 (ug),0.14 (ug),2.03 (mg),35.05 (ug)
0,Pulao Recipe | Veg Pulao || JHDB,Rice based Dishes,Rice based Dishes,436.69 (kcal/24 H),11.19 (gm),74.95 (gm),5.02 (gm),9.69 (gm),226.17 (mg),5.68 (gm),6.23 (gm),0.01 (gm),3.13 (gm),0.83 (gm),24.56 (mg),102.13 (mg),57.06 (mg),487.45 (mg),5.01 (mg),1.49 (mg),161.23 (mg),606.16 (ug),55.16 (mg),0.57 (mg),0.13 (mg),4.34 (mg),0.4 (mg),333.77 (ug),0.0 (ug),0.0 (ug),0.7 (mg),20.23 (ug)
0,Curd Rice || JHDB,Rice based Dishes,Rice based Dishes,226.97 (kcal/24 H),5.7 (gm),32.06 (gm),2.86 (gm),11.74 (gm),28.5 (mg),0.82 (gm),1.11 (gm),0.0 (gm),2.16 (gm),2.05 (gm),7.29 (mg),55.6 (mg),20.5 (mg),140.62 (mg),0.56 (mg),0.57 (mg),74.68 (mg),94.24 (ug),36.91 (mg),0.06 (mg),0.07 (mg),0.78 (mg),0.12 (mg),8.41 (ug),0.11 (ug),0.23 (ug),0.29 (mg),8.17 (ug)
0,Tomato Rice (Thakkali Sadam) || JHDB,Rice based Dishes,Rice based Dishes,341.88 (kcal/24 H),11.7 (gm),52.78 (gm),3.03 (gm),6.5 (gm),331.71 (mg),3.43 (gm),1.65 (gm),0.0 (gm),4.43 (gm),4.27 (gm),0.0 (mg),76.06 (mg),40.29 (mg),334.53 (mg),3.92 (mg),0.98 (mg),104.34 (mg),263.83 (ug),12.9 (mg),0.39 (mg),0.07 (mg),3.07 (mg),0.2 (mg),243.14 (ug),0.0 (ug),0.0 (ug),2.01 (mg),27.86 (ug)
0,Peas Pulao | Matar Pulao || JHDB,Rice based Dishes,Rice based Dishes,416.62 (kcal/24 H),15.22 (gm),61.1 (gm),3.23 (gm),8.19 (gm),274.14 (mg),4.42 (gm),2.19 (gm),0.0 (gm),6.21 (gm),6.12 (gm),0.0 (mg),76.56 (mg),42.34 (mg),238.61 (mg),4.37 (mg),1.33 (mg),129.07 (mg),93.5 (ug),16.51 (mg),0.5 (mg),0.1 (mg),3.66 (mg),0.22 (mg),287.31 (ug),0.0 (ug),0.0 (ug),1.98 (mg),28.66 (ug)
0,Lemon Rice | Chitranna Recipe || JHDB,Rice based Dishes,Rice based Dishes,402.94 (kcal/24 H),15.04 (gm),60.42 (gm),0.7 (gm),6.33 (gm),554.69 (mg),2.58 (gm),2.18 (gm),0.0 (gm),5.93 (gm),6.2 (gm),0.0 (mg),54.58 (mg),32.98 (mg),195.57 (mg),1.68 (mg),1.08 (mg),109.0 (mg),341.09 (ug),6.23 (mg),0.08 (mg),0.08 (mg),1.66 (mg),0.21 (mg),18.38 (ug),0.0 (ug),0.0 (ug),1.7 (mg),11.99 (ug)
0,Jeera Rice || JHDB,Rice based Dishes,Rice based Dishes,217.56 (kcal/24 H),8.05 (gm),32.29 (gm),0.11 (gm),3.69 (gm),594.85 (mg),1.47 (gm),1.19 (gm),0.0 (gm),3.31 (gm),3.12 (gm),0.0 (mg),65.52 (mg),24.25 (mg),89.55 (mg),2.82 (mg),0.56 (mg),53.19 (mg),16.39 (ug),0.46 (mg),0.24 (mg),0.03 (mg),1.73 (mg),0.08 (mg),152.6 (ug),0.0 (ug),0.0 (ug),1.04 (mg),11.3 (ug)
0,Fried Rice Recipe || JHDB,Rice based Dishes,Rice based Dishes,396.13 (kcal/24 H),14.66 (gm),56.79 (gm),2.96 (gm),8.46 (gm),1565.09 (mg),3.32 (gm),2.16 (gm),0.0 (gm),5.75 (gm),5.93 (gm),0.0 (mg),81.56 (mg),37.92 (mg),437.62 (mg),4.33 (mg),0.94 (mg),110.72 (mg),591.25 (ug),23.13 (mg),0.4 (mg),0.1 (mg),3.38 (mg),0.21 (mg),266.66 (ug),0.0 (ug),0.0 (ug),0.64 (mg),34.6 (ug)
0,Ghee Rice Recipe || JHDB,Rice based Dishes,Rice based Dishes,633.82 (kcal/24 H),27.1 (gm),88.84 (gm),4.65 (gm),10.83 (gm),407.72 (mg),5.06 (gm),13.49 (gm),0.01 (gm),9.28 (gm),2.2 (gm),49.12 (mg),130.01 (mg),79.87 (mg),321.58 (mg),6.22 (mg),1.96 (mg),186.45 (mg),124.2 (ug),3.04 (mg),0.6 (mg),0.11 (mg),4.35 (mg),0.26 (mg),385.1 (ug),0.0 (ug),0.0 (ug),0.65 (mg),12.83 (ug)
0,Mushroom Biryani (South Indian ) || JHDB,Rice based Dishes,Rice based Dishes,615.9 (kcal/24 H),19.61 (gm),98.65 (gm),7.13 (gm),13.56 (gm),516.91 (mg),9.14 (gm),2.97 (gm),0.01 (gm),7.24 (gm),6.49 (gm),0.0 (mg),161.08 (mg),75.02 (mg),901.37 (mg),9.27 (mg),1.74 (mg),177.07 (mg),368.01 (ug),73.26 (mg),0.66 (mg),0.14 (mg),5.1 (mg),0.36 (mg),416.29 (ug),0.0 (ug),0.0 (ug),2.73 (mg),41.37 (ug)
0,Tawa Pulao || JHDB,Rice based Dishes,Rice based Dishes,410.69 (kcal/24 H),8.54 (gm),72.98 (gm),6.28 (gm),10.14 (gm),312.5 (mg),6.4 (gm),4.84 (gm),0.0 (gm),2.4 (gm),0.69 (gm),19.59 (mg),138.99 (mg),66.38 (mg),825.65 (mg),4.39 (mg),1.65 (mg),201.99 (mg),1344.47 (ug),73.07 (mg),0.54 (mg),0.15 (mg),4.38 (mg),0.83 (mg),247.84 (ug),0.02 (ug),0.0 (ug),1.01 (mg),20.03 (ug)
0,Corn Pulao || JHDB,Rice based Dishes,Rice based Dishes,756.18 (kcal/24 H),18.89 (gm),135.87 (gm),11.22 (gm),16.55 (gm),450.29 (mg),8.73 (gm),3.85 (gm),0.01 (gm),6.99 (gm),6.91 (gm),0.0 (mg),228.0 (mg),116.25 (mg),908.97 (mg),4.48 (mg),2.74 (mg),347.25 (mg),260.49 (ug),85.18 (mg),0.42 (mg),0.24 (mg),4.53 (mg),1.13 (mg),77.32 (ug),0.0 (ug),0.0 (ug),2.59 (mg),35.87 (ug)
0,Schezwan Fried Rice || JHDB,Rice based Dishes,Rice based Dishes,365.1 (kcal/24 H),10.66 (gm),59.26 (gm),3.98 (gm),6.81 (gm),962.39 (mg),2.41 (gm),1.67 (gm),0.0 (gm),3.98 (gm),4.18 (gm),0.0 (mg),74.34 (mg),31.88 (mg),220.51 (mg),3.28 (mg),0.88 (mg),96.0 (mg),747.75 (ug),21.59 (mg),0.42 (mg),0.07 (mg),3.17 (mg),0.21 (mg),275.41 (ug),0.0 (ug),0.0 (ug),0.5 (mg),31.08 (ug)
0,Palak Biryani || JHDB,Rice based Dishes,Rice based Dishes,447.38 (kcal/24 H),13.43 (gm),71.7 (gm),3.58 (gm),10.82 (gm),307.07 (mg),5.55 (gm),1.89 (gm),0.0 (gm),5.36 (gm),5.03 (gm),0.0 (mg),190.8 (mg),118.0 (mg),814.66 (mg),7.11 (mg),1.68 (mg),172.81 (mg),2608.45 (ug),59.58 (mg),0.57 (mg),0.26 (mg),4.46 (mg),0.41 (mg),485.43 (ug),0.0 (ug),0.0 (ug),3.95 (mg),435.74 (ug)
0,Kheema Pulao || JHDB,Rice based Dishes,Rice based Dishes,634.67 (kcal/24 H),27.93 (gm),73.4 (gm),5.47 (gm),21.6 (gm),324.22 (mg),4.89 (gm),8.02 (gm),0.9 (gm),13.0 (gm),4.19 (gm),59.13 (mg),108.37 (mg),59.84 (mg),600.76 (mg),6.38 (mg),4.35 (mg),249.79 (mg),240.84 (ug),98.32 (mg),0.55 (mg),0.21 (mg),7.11 (mg),0.55 (mg),328.46 (ug),1.62 (ug),0.06 (ug),0.9 (mg),14.11 (ug)
0,Masala Khichdi (Mix Veggies) || JHDB,Rice based Dishes,Rice based Dishes,399.1 (kcal/24 H),9.17 (gm),66.68 (gm),10.49 (gm),14.39 (gm),495.44 (mg),12.31 (gm),4.47 (gm),0.01 (gm),2.13 (gm),0.69 (gm),16.37 (mg),142.19 (mg),108.71 (mg),846.11 (mg),4.42 (mg),1.75 (mg),216.94 (mg),319.76 (ug),69.44 (mg),0.32 (mg),0.16 (mg),2.11 (mg),0.4 (mg),244.85 (ug),0.0 (ug),0.0 (ug),1.15 (mg),16.22 (ug)
0,Bengali Khichdi || JHDB,Rice based Dishes,Rice based Dishes,687.63 (kcal/24 H),14.34 (gm),117.19 (gm),9.24 (gm),25.39 (gm),312.49 (mg),19.05 (gm),8.2 (gm),0.01 (gm),4.01 (gm),0.94 (gm),32.75 (mg),136.45 (mg),81.26 (mg),900.89 (mg),5.38 (mg),1.58 (mg),192.08 (mg),222.76 (ug),82.9 (mg),0.51 (mg),0.14 (mg),4.58 (mg),0.66 (mg),253.61 (ug),0.0 (ug),0.0 (ug),0.71 (mg),18.76 (ug)
0,Mughlai Biryani || JHDB,Rice based Dishes,Rice based Dishes,543.0 (kcal/24 H),19.42 (gm),78.53 (gm),7.28 (gm),14.44 (gm),597.57 (mg),7.53 (gm),8.0 (gm),0.01 (gm),6.57 (gm),2.14 (gm),27.76 (mg),157.13 (mg),100.51 (mg),756.98 (mg),5.46 (mg),1.9 (mg),232.13 (mg),138.87 (ug),29.43 (mg),0.51 (mg),0.21 (mg),4.28 (mg),0.51 (mg),265.89 (ug),0.06 (ug),0.13 (ug),2.06 (mg),10.58 (ug)
0,Jaggery Rice || JHDB,Rice based Dishes,Rice based Dishes,616.8 (kcal/24 H),8.36 (gm),133.6 (gm),64.68 (gm),6.28 (gm),175.07 (mg),3.42 (gm),1.34 (gm),0.01 (gm),3.18 (gm),3.24 (gm),0.0 (mg),86.59 (mg),42.05 (mg),213.7 (mg),1.54 (mg),1.05 (mg),105.7 (mg),2.88 (ug),0.24 (mg),0.07 (mg),0.06 (mg),1.43 (mg),0.17 (mg),8.23 (ug),0.0 (ug),0.0 (ug),1.45 (mg),17.1 (ug)
0,Basmati Rice (Cooked) || JHDB,Rice based Dishes,Rice based Dishes,284.7 (kcal/24 H),0.7 (gm),60.11 (gm),0.09 (gm),6.64 (gm),299.38 (mg),1.01 (gm),0.17 (gm),0.0 (gm),0.23 (gm),0.21 (gm),0.0 (mg),50.82 (mg),24.31 (mg),92.16 (mg),3.37 (mg),0.86 (mg),89.7 (mg),0.0 (ug),0.0 (mg),0.45 (mg),0.04 (mg),3.27 (mg),0.13 (mg),301.86 (ug),0.0 (ug),0.0 (ug),0.09 (mg),0.08 (ug)
0,Kerala Biryani || JHDB,Rice based Dishes,Rice based Dishes,999.22 (kcal/24 H),49.85 (gm),128.08 (gm),18.11 (gm),16.58 (gm),341.74 (mg),12.86 (gm),28.71 (gm),0.01 (gm),9.87 (gm),7.27 (gm),0.0 (mg),162.37 (mg),149.74 (mg),1003.85 (mg),5.85 (mg),3.32 (mg),385.32 (mg),1325.99 (ug),68.87 (mg),0.27 (mg),0.25 (mg),4.08 (mg),0.5 (mg),74.08 (ug),0.0 (ug),0.0 (ug),3.17 (mg),61.94 (ug)
0,Kashmiri Biryani || JHDB,Rice based Dishes,Rice based Dishes,303.64 (kcal/24 H),12.34 (gm),42.92 (gm),3.22 (gm),6.78 (gm),199.39 (mg),4.02 (gm),5.91 (gm),0.0 (gm),4.36 (gm),1.1 (gm),21.64 (mg),117.02 (mg),57.02 (mg),349.39 (mg),3.38 (mg),1.32 (mg),134.11 (mg),735.91 (ug),15.57 (mg),0.32 (mg),0.11 (mg),2.56 (mg),0.22 (mg),178.48 (ug),0.06 (ug),0.01 (ug),0.51 (mg),13.57 (ug)
0,Paneer Paratha || JHDB,Rotis & Parathas,Rotis & Parathas,187.21 (kcal/24 H),8.6 (gm),22.5 (gm),1.09 (gm),6.86 (gm),302.2 (mg),3.9 (gm),4.68 (gm),0.18 (gm),2.2 (gm),0.7 (gm),22.16 (mg),114.53 (mg),34.9 (mg),162.45 (mg),1.21 (mg),0.86 (mg),94.05 (mg),74.3 (ug),12.14 (mg),0.09 (mg),0.06 (mg),1.58 (mg),0.07 (mg),9.11 (ug),0.0 (ug),0.0 (ug),0.24 (mg),1.41 (ug)
0,Mooli Paratha (Punjabi Style) || JHDB,Rotis & Parathas,Rotis & Parathas,362.1 (kcal/24 H),10.05 (gm),65.19 (gm),1.76 (gm),8.61 (gm),486.09 (mg),11.73 (gm),4.66 (gm),0.0 (gm),2.82 (gm),1.98 (gm),16.92 (mg),36.3 (mg),105.0 (mg),412.88 (mg),3.52 (mg),2.61 (mg),284.47 (mg),176.78 (ug),36.88 (mg),0.27 (mg),0.18 (mg),4.8 (mg),0.23 (mg),28.31 (ug),0.0 (ug),0.0 (ug),1.12 (mg),6.69 (ug)
0,Aloo Paratha || JHDB,Rotis & Parathas,Rotis & Parathas,171.79 (kcal/24 H),4.59 (gm),30.71 (gm),1.03 (gm),3.87 (gm),199.02 (mg),4.79 (gm),1.27 (gm),0.0 (gm),1.6 (gm),1.53 (gm),3.23 (mg),18.15 (mg),45.68 (mg),388.54 (mg),1.54 (mg),0.96 (mg),121.02 (mg),28.33 (ug),23.51 (mg),0.13 (mg),0.07 (mg),2.08 (mg),0.25 (mg),17.79 (ug),0.0 (ug),0.0 (ug),0.54 (mg),5.81 (ug)
0,Methi Paratha || JHDB,Rotis & Parathas,Rotis & Parathas,125.03 (kcal/24 H),3.22 (gm),22.63 (gm),0.57 (gm),3.19 (gm),87.99 (mg),3.88 (gm),0.49 (gm),0.0 (gm),1.17 (gm),1.43 (gm),0.0 (mg),22.1 (mg),37.69 (mg),174.17 (mg),1.36 (mg),0.88 (mg),100.53 (mg),18.51 (ug),14.49 (mg),0.1 (mg),0.09 (mg),1.66 (mg),0.1 (mg),9.13 (ug),0.0 (ug),0.0 (ug),0.49 (mg),10.43 (ug)
0,Gobi Paratha || JHDB,Rotis & Parathas,Rotis & Parathas,129.54 (kcal/24 H),2.45 (gm),25.62 (gm),1.01 (gm),3.68 (gm),81.1 (mg),4.9 (gm),1.2 (gm),0.0 (gm),0.6 (gm),0.47 (gm),4.23 (mg),22.0 (mg),42.59 (mg),221.46 (mg),1.47 (mg),1.03 (mg),115.97 (mg),44.97 (ug),20.95 (mg),0.11 (mg),0.08 (mg),1.89 (mg),0.12 (mg),23.8 (ug),0.0 (ug),0.0 (ug),0.31 (mg),5.2 (ug)
0,Palak Paratha || JHDB,Rotis & Parathas,Rotis & Parathas,140.49 (kcal/24 H),5.31 (gm),21.87 (gm),0.39 (gm),3.38 (gm),104.72 (mg),4.19 (gm),0.78 (gm),0.0 (gm),2.04 (gm),2.29 (gm),0.07 (mg),31.62 (mg),50.63 (mg),235.51 (mg),1.66 (mg),0.95 (mg),102.19 (mg),625.96 (ug),6.25 (mg),0.1 (mg),0.1 (mg),1.67 (mg),0.1 (mg),51.03 (ug),0.0 (ug),0.0 (ug),1.15 (mg),113.35 (ug)
0,Onion Paratha || JHDB,Rotis & Parathas,Rotis & Parathas,359.24 (kcal/24 H),8.26 (gm),68.03 (gm),2.51 (gm),8.88 (gm),292.6 (mg),12.48 (gm),1.3 (gm),0.0 (gm),2.97 (gm),3.66 (gm),0.0 (mg),49.78 (mg),104.58 (mg),427.3 (mg),3.78 (mg),2.62 (mg),287.54 (mg),93.5 (ug),2.89 (mg),0.27 (mg),0.18 (mg),4.69 (mg),0.23 (mg),30.99 (ug),0.0 (ug),0.0 (ug),1.57 (mg),10.15 (ug)
0,Peas Paratha Recipe || JHDB,Rotis & Parathas,Rotis & Parathas,398.74 (kcal/24 H),9.82 (gm),71.1 (gm),5.23 (gm),11.79 (gm),655.26 (mg),14.41 (gm),1.47 (gm),0.0 (gm),3.59 (gm),4.34 (gm),0.0 (mg),52.97 (mg),119.47 (mg),540.38 (mg),4.29 (mg),3.18 (mg),332.44 (mg),201.95 (ug),60.65 (mg),0.41 (mg),0.25 (mg),5.7 (mg),0.3 (mg),65.35 (ug),0.0 (ug),0.0 (ug),1.54 (mg),28.87 (ug)
0,Plain Paratha || JHDB,Rotis & Parathas,Rotis & Parathas,336.65 (kcal/24 H),7.87 (gm),63.16 (gm),0.86 (gm),8.15 (gm),390.32 (mg),11.11 (gm),1.22 (gm),0.0 (gm),2.84 (gm),3.55 (gm),0.0 (mg),29.42 (mg),99.43 (mg),334.29 (mg),3.16 (mg),2.51 (mg),273.9 (mg),2.29 (ug),0.0 (mg),0.25 (mg),0.16 (mg),4.53 (mg),0.16 (mg),23.74 (ug),0.0 (ug),0.0 (ug),1.18 (mg),8.94 (ug)
0,Masala Paratha || JHDB,Rotis & Parathas,Rotis & Parathas,580.63 (kcal/24 H),19.75 (gm),96.58 (gm),1.49 (gm),12.63 (gm),17.76 (mg),17.3 (gm),7.65 (gm),0.0 (gm),6.23 (gm),4.8 (gm),25.69 (mg),63.95 (mg),153.47 (mg),536.8 (mg),5.39 (mg),3.82 (mg),414.85 (mg),84.94 (ug),0.12 (mg),0.38 (mg),0.24 (mg),6.86 (mg),0.25 (mg),35.87 (ug),0.0 (ug),0.0 (ug),1.65 (mg),11.66 (ug)
0,Cheese Paratha || JHDB,Rotis & Parathas,Rotis & Parathas,213.07 (kcal/24 H),9.67 (gm),27.18 (gm),1.33 (gm),6.89 (gm),217.63 (mg),4.79 (gm),5.14 (gm),0.08 (gm),2.7 (gm),1.15 (gm),19.48 (mg),149.49 (mg),47.8 (mg),198.74 (mg),1.46 (mg),1.61 (mg),198.6 (mg),87.23 (ug),27.95 (mg),0.12 (mg),0.13 (mg),2.79 (mg),0.11 (mg),16.34 (ug),0.26 (ug),0.03 (ug),0.45 (mg),6.61 (ug)
0,Malabar Paratha || JHDB,Rotis & Parathas,Rotis & Parathas,163.06 (kcal/24 H),4.53 (gm),27.78 (gm),0.83 (gm),3.59 (gm),250.68 (mg),2.86 (gm),0.65 (gm),0.0 (gm),1.74 (gm),1.93 (gm),0.0 (mg),16.56 (mg),25.73 (mg),101.81 (mg),1.52 (mg),0.67 (mg),85.31 (mg),0.49 (ug),0.0 (mg),0.19 (mg),0.12 (mg),2.02 (mg),0.04 (mg),56.97 (ug),0.0 (ug),0.0 (ug),0.58 (mg),5.11 (ug)
0,Lachha Paratha || JHDB,Rotis & Parathas,Rotis & Parathas,561.05 (kcal/24 H),14.0 (gm),96.47 (gm),0.0 (gm),13.6 (gm),390.66 (mg),0.0 (gm),7.38 (gm),0.0 (gm),3.46 (gm),0.47 (gm),30.84 (mg),25.75 (mg),33.63 (mg),170.52 (mg),7.02 (mg),0.9 (mg),134.78 (mg),59.07 (ug),0.0 (mg),1.17 (mg),0.55 (mg),8.41 (mg),0.09 (mg),0.0 (ug),0.0 (ug),0.0 (ug),0.0 (mg),0.0 (ug)
0,Dal Paratha || JHDB,Rotis & Parathas,Rotis & Parathas,1134.28 (kcal/24 H),19.98 (gm),213.2 (gm),16.31 (gm),40.17 (gm),43.04 (mg),38.68 (gm),7.58 (gm),0.0 (gm),4.79 (gm),5.38 (gm),25.99 (mg),184.18 (mg),320.53 (mg),1636.41 (mg),11.88 (mg),8.59 (mg),894.48 (mg),154.82 (ug),62.7 (mg),1.09 (mg),0.61 (mg),12.02 (mg),1.03 (mg),625.83 (ug),0.0 (ug),0.0 (ug),2.0 (mg),16.06 (ug)
0,Aloo Gobi Paratha || JHDB,Rotis & Parathas,Rotis & Parathas,525.71 (kcal/24 H),10.78 (gm),101.34 (gm),3.91 (gm),14.05 (gm),317.65 (mg),17.6 (gm),4.87 (gm),0.0 (gm),2.91 (gm),2.3 (gm),16.92 (mg),67.79 (mg),158.52 (mg),1026.07 (mg),5.26 (mg),3.68 (mg),431.83 (mg),177.73 (ug),85.55 (mg),0.43 (mg),0.29 (mg),7.15 (mg),0.62 (mg),86.64 (ug),0.0 (ug),0.0 (ug),1.3 (mg),19.63 (ug)
0,Naan Roti || JHDB,Rotis & Parathas,Rotis & Parathas,141.2 (kcal/24 H),3.83 (gm),22.79 (gm),0.67 (gm),3.89 (gm),317.88 (mg),0.96 (gm),0.5 (gm),0.0 (gm),1.61 (gm),1.46 (gm),0.4 (mg),54.69 (mg),13.72 (mg),67.83 (mg),1.72 (mg),0.29 (mg),52.62 (mg),7.62 (ug),0.15 (mg),0.05 (mg),0.02 (mg),0.44 (mg),0.02 (mg),7.42 (ug),0.0 (ug),0.0 (ug),0.45 (mg),3.86 (ug)
0,Garlic Naan || JHDB,Rotis & Parathas,Rotis & Parathas,480.2 (kcal/24 H),15.82 (gm),76.58 (gm),2.82 (gm),10.61 (gm),639.72 (mg),8.22 (gm),2.23 (gm),0.0 (gm),6.29 (gm),6.58 (gm),0.0 (mg),50.6 (mg),74.2 (mg),293.44 (mg),5.06 (mg),1.94 (mg),224.73 (mg),7.15 (ug),2.19 (mg),0.63 (mg),0.37 (mg),5.79 (mg),0.19 (mg),172.15 (ug),0.0 (ug),0.0 (ug),1.98 (mg),17.7 (ug)
0,Roti  /Phulka / Chapati || JHDB,Rotis & Parathas,Rotis & Parathas,105.58 (kcal/24 H),0.62 (gm),23.68 (gm),0.32 (gm),3.06 (gm),1.35 (mg),4.17 (gm),0.14 (gm),0.0 (gm),0.09 (gm),0.37 (gm),0.0 (mg),12.89 (mg),37.61 (mg),125.49 (mg),1.18 (mg),0.94 (mg),102.71 (mg),0.86 (ug),0.0 (mg),0.09 (mg),0.06 (mg),1.7 (mg),0.06 (mg),8.9 (ug),0.0 (ug),0.0 (ug),0.17 (mg),0.6 (ug)
0,Roomali Roti || JHDB,Rotis & Parathas,Rotis & Parathas,191.33 (kcal/24 H),5.34 (gm),30.17 (gm),0.13 (gm),4.98 (gm),388.95 (mg),1.0 (gm),0.74 (gm),0.0 (gm),2.01 (gm),2.22 (gm),0.0 (mg),9.68 (mg),10.94 (mg),41.95 (mg),1.85 (mg),0.36 (mg),40.35 (mg),0.25 (ug),0.0 (mg),0.34 (mg),0.21 (mg),3.14 (mg),0.02 (mg),119.81 (ug),0.0 (ug),0.0 (ug),0.71 (mg),5.61 (ug)
0,Masaledar Poori || JHDB,Rotis & Parathas,Rotis & Parathas,86.8 (kcal/24 H),2.08 (gm),16.22 (gm),0.26 (gm),2.18 (gm),201.74 (mg),2.99 (gm),0.32 (gm),0.0 (gm),0.76 (gm),0.92 (gm),0.1 (mg),12.67 (mg),26.87 (mg),96.99 (mg),1.04 (mg),0.66 (mg),71.12 (mg),21.47 (ug),0.05 (mg),0.07 (mg),0.04 (mg),1.17 (mg),0.05 (mg),6.06 (ug),0.0 (ug),0.0 (ug),0.39 (mg),2.66 (ug)
0,Bhatura Recipe || JHDB,Rotis & Parathas,Rotis & Parathas,174.87 (kcal/24 H),3.51 (gm),31.74 (gm),1.2 (gm),5.82 (gm),261.7 (mg),4.42 (gm),0.53 (gm),0.0 (gm),1.27 (gm),1.56 (gm),1.08 (mg),27.24 (mg),39.61 (mg),135.55 (mg),1.65 (mg),1.01 (mg),117.86 (mg),0.86 (ug),0.0 (mg),0.17 (mg),0.11 (mg),2.25 (mg),0.06 (mg),36.14 (ug),0.0 (ug),0.0 (ug),0.5 (mg),3.93 (ug)
0,Poori / Puri || JHDB,Rotis & Parathas,Rotis & Parathas,43.97 (kcal/24 H),0.7 (gm),8.94 (gm),0.12 (gm),1.15 (gm),78.0 (mg),1.57 (gm),0.12 (gm),0.0 (gm),0.23 (gm),0.33 (gm),0.0 (mg),4.73 (mg),14.16 (mg),47.36 (mg),0.45 (mg),0.36 (mg),38.76 (mg),0.32 (ug),0.0 (mg),0.04 (mg),0.02 (mg),0.64 (mg),0.02 (mg),3.36 (ug),0.0 (ug),0.0 (ug),0.12 (mg),0.78 (ug)
0,Tandoori Roti || JHDB,Rotis & Parathas,Rotis & Parathas,93.15 (kcal/24 H),1.1 (gm),19.74 (gm),0.27 (gm),2.55 (gm),194.88 (mg),3.47 (gm),0.19 (gm),0.0 (gm),0.32 (gm),0.55 (gm),0.0 (mg),10.66 (mg),31.31 (mg),104.6 (mg),0.99 (mg),0.79 (mg),85.59 (mg),0.72 (ug),0.0 (mg),0.08 (mg),0.05 (mg),1.42 (mg),0.05 (mg),7.42 (ug),0.0 (ug),0.0 (ug),0.21 (mg),1.19 (ug)
0,Missi Roti || JHDB,Rotis & Parathas,Rotis & Parathas,492.55 (kcal/24 H),13.26 (gm),81.95 (gm),6.04 (gm),16.1 (gm),803.93 (mg),14.58 (gm),1.89 (gm),0.0 (gm),4.65 (gm),5.77 (gm),0.81 (mg),42.78 (mg),100.1 (mg),675.91 (mg),3.21 (mg),2.45 (mg),270.13 (mg),56.04 (ug),37.64 (mg),0.26 (mg),0.17 (mg),4.44 (mg),0.21 (mg),29.02 (ug),0.0 (ug),0.0 (ug),1.63 (mg),14.73 (ug)
0,Akki Roti || JHDB,Rotis & Parathas,Rotis & Parathas,632.27 (kcal/24 H),33.03 (gm),81.09 (gm),7.47 (gm),8.82 (gm),394.61 (mg),9.35 (gm),25.09 (gm),0.0 (gm),2.46 (gm),2.41 (gm),1.95 (mg),47.71 (mg),46.15 (mg),379.96 (mg),3.96 (mg),0.89 (mg),114.47 (mg),2182.34 (ug),78.57 (mg),0.18 (mg),0.08 (mg),2.73 (mg),0.51 (mg),24.81 (ug),0.0 (ug),0.0 (ug),1.22 (mg),25.55 (ug)
0,Makki Ki Roti || JHDB,Rotis & Parathas,Rotis & Parathas,309.87 (kcal/24 H),7.67 (gm),55.3 (gm),0.55 (gm),4.04 (gm),262.21 (mg),1.27 (gm),4.21 (gm),0.0 (gm),2.08 (gm),0.72 (gm),17.73 (mg),9.17 (mg),12.81 (mg),62.2 (mg),0.61 (mg),0.25 (mg),40.0 (mg),75.93 (ug),0.03 (mg),0.05 (mg),0.04 (mg),1.77 (mg),0.07 (mg),32.0 (ug),0.0 (ug),0.0 (ug),0.1 (mg),0.2 (ug)
0,Rice Puri || JHDB,Rotis & Parathas,Rotis & Parathas,104.28 (kcal/24 H),2.24 (gm),19.17 (gm),0.08 (gm),1.45 (gm),78.4 (mg),0.61 (gm),0.35 (gm),0.0 (gm),0.91 (gm),0.86 (gm),0.0 (mg),9.0 (mg),9.88 (mg),21.95 (mg),0.13 (mg),0.2 (mg),24.35 (mg),0.0 (ug),0.05 (mg),0.03 (mg),0.01 (mg),0.63 (mg),0.1 (mg),0.96 (ug),0.0 (ug),0.0 (ug),0.25 (mg),2.2 (ug)
0,Ragi Roti || JHDB,Rotis & Parathas,Rotis & Parathas,100.22 (kcal/24 H),2.17 (gm),18.24 (gm),0.35 (gm),2.52 (gm),156.43 (mg),1.67 (gm),0.93 (gm),0.0 (gm),0.55 (gm),0.57 (gm),3.38 (mg),8.0 (mg),29.29 (mg),69.3 (mg),0.94 (mg),0.67 (mg),72.63 (mg),6.71 (ug),0.0 (mg),0.09 (mg),0.03 (mg),1.41 (mg),0.07 (mg),9.04 (ug),0.0 (ug),0.0 (ug),0.06 (mg),0.29 (ug)
0,Besan Ladoo || JHDB,Sweets,Sweets,163.9 (kcal/24 H),9.71 (gm),16.93 (gm),10.07 (gm),3.23 (gm),9.27 (mg),1.53 (gm),5.24 (gm),0.0 (gm),2.85 (gm),0.79 (gm),21.15 (mg),1.46 (mg),3.15 (mg),125.41 (mg),0.1 (mg),0.07 (mg),5.79 (mg),40.51 (ug),0.04 (mg),0.0 (mg),0.0 (mg),0.02 (mg),0.0 (mg),0.72 (ug),0.0 (ug),0.0 (ug),0.01 (mg),0.37 (ug)
0,Carrot Halwa | Gajar Ka Halwa || JHDB,Sweets,Sweets,335.01 (kcal/24 H),16.35 (gm),42.93 (gm),36.29 (gm),7.38 (gm),139.58 (mg),3.54 (gm),8.66 (gm),0.0 (gm),4.92 (gm),1.08 (gm),41.76 (mg),249.26 (mg),46.3 (mg),651.5 (mg),0.64 (mg),1.17 (mg),231.0 (mg),5524.42 (ug),6.49 (mg),0.18 (mg),0.33 (mg),1.37 (mg),0.26 (mg),23.36 (ug),0.9 (ug),1.83 (ug),1.34 (mg),15.78 (ug)
0,Rasgulla || JHDB,Sweets,Sweets,122.76 (kcal/24 H),1.78 (gm),25.05 (gm),24.88 (gm),1.85 (gm),22.34 (mg),0.01 (gm),1.03 (gm),0.0 (gm),0.38 (gm),0.06 (gm),6.64 (mg),74.85 (mg),7.9 (mg),86.15 (mg),0.02 (mg),0.23 (mg),56.31 (mg),17.75 (ug),1.16 (mg),0.03 (mg),0.08 (mg),0.06 (mg),0.03 (mg),0.48 (ug),0.3 (ug),0.61 (ug),0.03 (mg),0.17 (ug)
0,Kaju Katli || JHDB,Sweets,Sweets,93.24 (kcal/24 H),5.3 (gm),10.88 (gm),7.7 (gm),1.75 (gm),2.01 (mg),0.34 (gm),1.05 (gm),0.0 (gm),3.12 (gm),0.9 (gm),0.0 (mg),5.86 (mg),29.82 (mg),64.77 (mg),0.69 (mg),0.64 (mg),56.0 (mg),0.0 (ug),0.0 (mg),0.02 (mg),0.02 (mg),0.16 (mg),0.03 (mg),7.89 (ug),0.0 (ug),0.0 (ug),0.11 (mg),3.97 (ug)
0,Moong Dal Halwa || JHDB,Sweets,Sweets,542.42 (kcal/24 H),25.94 (gm),70.26 (gm),46.44 (gm),11.87 (gm),28.55 (mg),7.01 (gm),15.27 (gm),0.0 (gm),7.35 (gm),1.31 (gm),64.92 (mg),130.96 (mg),88.77 (mg),623.6 (mg),2.92 (mg),1.37 (mg),211.19 (mg),145.15 (ug),2.13 (mg),0.3 (mg),0.18 (mg),1.02 (mg),0.22 (mg),259.41 (ug),0.27 (ug),0.55 (ug),0.28 (mg),3.94 (ug)
0,Gulab Jamun || JHDB,Sweets,Sweets,122.27 (kcal/24 H),3.64 (gm),17.08 (gm),15.33 (gm),2.86 (gm),64.34 (mg),0.04 (gm),1.73 (gm),0.04 (gm),0.7 (gm),0.77 (gm),13.54 (mg),28.82 (mg),0.67 (mg),9.55 (mg),0.04 (mg),0.02 (mg),3.36 (mg),6.81 (ug),0.46 (mg),0.0 (mg),0.0 (mg),0.02 (mg),0.0 (mg),0.3 (ug),0.0 (ug),0.01 (ug),0.08 (mg),0.83 (ug)
0,Modak || JHDB,Sweets,Sweets,108.56 (kcal/24 H),2.44 (gm),20.22 (gm),11.23 (gm),0.78 (gm),54.69 (mg),0.82 (gm),2.02 (gm),0.0 (gm),0.19 (gm),0.07 (gm),0.51 (mg),21.64 (mg),6.02 (mg),31.02 (mg),0.5 (mg),0.15 (mg),16.47 (mg),0.98 (ug),0.23 (mg),0.02 (mg),0.0 (mg),0.28 (mg),0.04 (mg),2.0 (ug),0.0 (ug),0.0 (ug),0.03 (mg),0.01 (ug)
0,Rice Kheer || JHDB,Sweets,Sweets,248.28 (kcal/24 H),9.27 (gm),33.85 (gm),26.56 (gm),8.58 (gm),80.3 (mg),0.72 (gm),4.21 (gm),0.0 (gm),2.95 (gm),0.87 (gm),24.91 (mg),267.73 (mg),40.03 (mg),378.69 (mg),0.65 (mg),1.16 (mg),247.01 (mg),68.83 (ug),0.18 (mg),0.19 (mg),0.33 (mg),0.67 (mg),0.17 (mg),33.18 (ug),1.12 (ug),2.28 (ug),0.71 (mg),1.29 (ug)
0,Puran Poli || JHDB,Sweets,Sweets,458.34 (kcal/24 H),13.84 (gm),80.34 (gm),36.52 (gm),9.85 (gm),251.01 (mg),12.3 (gm),2.64 (gm),0.0 (gm),5.43 (gm),5.24 (gm),3.64 (mg),96.06 (mg),42.76 (mg),142.22 (mg),3.32 (mg),0.99 (mg),106.15 (mg),7.88 (ug),0.13 (mg),0.1 (mg),0.06 (mg),1.76 (mg),0.07 (mg),9.03 (ug),0.0 (ug),0.0 (ug),1.54 (mg),14.37 (ug)
0,Motichoor Ladoo || JHDB,Sweets,Sweets,174.31 (kcal/24 H),4.31 (gm),31.93 (gm),26.24 (gm),2.74 (gm),8.71 (mg),1.3 (gm),0.56 (gm),0.0 (gm),1.65 (gm),1.79 (gm),0.0 (mg),4.94 (mg),0.87 (mg),102.98 (mg),0.03 (mg),0.01 (mg),0.1 (mg),0.01 (ug),0.01 (mg),0.0 (mg),0.0 (mg),0.0 (mg),0.0 (mg),0.01 (ug),0.0 (ug),0.0 (ug),0.41 (mg),4.13 (ug)
0,Suji Ka Halwa | Sheera Recipe || JHDB,Sweets,Sweets,323.93 (kcal/24 H),19.18 (gm),36.96 (gm),19.57 (gm),3.39 (gm),3.43 (mg),1.17 (gm),10.82 (gm),0.0 (gm),5.95 (gm),1.05 (gm),43.62 (mg),17.7 (mg),23.14 (mg),99.81 (mg),0.62 (mg),0.46 (mg),51.95 (mg),83.53 (ug),0.16 (mg),0.07 (mg),0.03 (mg),0.78 (mg),0.04 (mg),17.86 (ug),0.0 (ug),0.0 (ug),0.04 (mg),1.47 (ug)
0,Rava Kesari || JHDB,Sweets,Sweets,636.83 (kcal/24 H),15.2 (gm),47.23 (gm),26.08 (gm),3.66 (gm),3.44 (mg),0.23 (gm),8.23 (gm),0.0 (gm),4.84 (gm),0.83 (gm),32.75 (mg),15.6 (mg),14.03 (mg),39.93 (mg),0.33 (mg),0.26 (mg),22.87 (mg),62.72 (ug),0.07 (mg),0.01 (mg),0.02 (mg),0.07 (mg),0.01 (mg),3.04 (ug),0.0 (ug),0.0 (ug),0.04 (mg),1.54 (ug)
0,Kalakand || JHDB,Sweets,Sweets,135.14 (kcal/24 H),6.53 (gm),14.56 (gm),14.04 (gm),5.03 (gm),149.28 (mg),0.1 (gm),3.53 (gm),0.13 (gm),1.9 (gm),0.39 (gm),19.27 (mg),142.99 (mg),9.68 (mg),123.69 (mg),0.16 (mg),0.3 (mg),70.15 (mg),41.2 (ug),0.69 (mg),0.03 (mg),0.11 (mg),0.07 (mg),0.02 (mg),3.62 (ug),0.11 (ug),0.04 (ug),0.06 (mg),0.48 (ug)
0,Coconut Burfi || JHDB,Sweets,Sweets,433.75 (kcal/24 H),23.55 (gm),45.81 (gm),45.8 (gm),9.62 (gm),127.81 (mg),2.78 (gm),17.76 (gm),0.0 (gm),3.62 (gm),0.57 (gm),40.76 (mg),298.13 (mg),40.73 (mg),490.77 (mg),0.72 (mg),1.15 (mg),284.66 (mg),95.14 (ug),2.52 (mg),0.11 (mg),0.41 (mg),0.6 (mg),0.08 (mg),10.09 (ug),0.67 (ug),0.8 (ug),0.38 (mg),0.65 (ug)
0,Rabri || JHDB,Sweets,Sweets,375.77 (kcal/24 H),19.69 (gm),33.88 (gm),31.89 (gm),16.76 (gm),165.09 (mg),1.5 (gm),8.62 (gm),0.0 (gm),6.39 (gm),2.08 (gm),51.9 (mg),557.54 (mg),78.39 (mg),760.98 (mg),0.53 (mg),2.13 (mg),496.85 (mg),146.89 (ug),1.59 (mg),0.32 (mg),0.7 (mg),0.76 (mg),0.36 (mg),5.99 (ug),2.34 (ug),4.76 (ug),2.16 (mg),1.3 (ug)
0,Peda || JHDB,Sweets,Sweets,97.97 (kcal/24 H),4.13 (gm),12.17 (gm),12.14 (gm),3.43 (gm),50.85 (mg),0.01 (gm),2.58 (gm),0.0 (gm),1.19 (gm),0.13 (gm),14.79 (mg),120.41 (mg),11.24 (mg),168.69 (mg),0.07 (mg),0.43 (mg),104.3 (mg),38.37 (ug),1.13 (mg),0.04 (mg),0.17 (mg),0.09 (mg),0.03 (mg),4.8 (ug),0.33 (ug),0.07 (ug),0.07 (mg),0.28 (ug)
0,Malpua || JHDB,Sweets,Sweets,808.45 (kcal/24 H),34.93 (gm),102.42 (gm),68.36 (gm),24.49 (gm),192.47 (mg),2.92 (gm),17.56 (gm),0.0 (gm),10.27 (gm),3.21 (gm),96.35 (mg),587.63 (mg),90.87 (mg),833.88 (mg),2.61 (mg),2.46 (mg),557.46 (mg),209.38 (ug),1.51 (mg),0.65 (mg),0.91 (mg),3.26 (mg),0.38 (mg),126.95 (ug),2.34 (ug),4.76 (ug),2.18 (mg),1.42 (ug)
0,Wheat Halwa || JHDB,Sweets,Sweets,705.84 (kcal/24 H),36.09 (gm),96.43 (gm),67.17 (gm),4.27 (gm),6.25 (mg),1.39 (gm),21.12 (gm),0.0 (gm),10.16 (gm),2.36 (gm),87.32 (mg),25.42 (mg),50.42 (mg),93.4 (mg),1.6 (mg),1.06 (mg),113.09 (mg),167.24 (ug),0.0 (mg),0.16 (mg),0.04 (mg),2.39 (mg),0.15 (mg),16.67 (ug),0.0 (ug),0.0 (ug),0.04 (mg),0.32 (ug)
0,Til Ke Laddu || JHDB,Sweets,Sweets,111.13 (kcal/24 H),6.58 (gm),11.22 (gm),8.94 (gm),1.95 (gm),15.12 (mg),1.12 (gm),1.57 (gm),0.0 (gm),2.45 (gm),2.24 (gm),0.0 (mg),66.42 (mg),24.86 (mg),58.11 (mg),1.19 (mg),0.52 (mg),47.35 (mg),0.14 (ug),0.01 (mg),0.06 (mg),0.02 (mg),0.69 (mg),0.05 (mg),13.73 (ug),0.0 (ug),0.0 (ug),0.5 (mg),1.65 (ug)
0,Jalebi || JHDB,Sweets,Sweets,61.79 (kcal/24 H),0.81 (gm),12.93 (gm),7.57 (gm),0.82 (gm),0.97 (mg),0.25 (gm),0.11 (gm),0.0 (gm),0.31 (gm),0.33 (gm),0.0 (mg),3.67 (mg),1.87 (mg),13.89 (mg),0.32 (mg),0.05 (mg),7.88 (mg),0.0 (ug),0.0 (mg),0.05 (mg),0.03 (mg),0.39 (mg),0.0 (mg),19.33 (ug),0.0 (ug),0.0 (ug),0.09 (mg),0.85 (ug)
0,Gujiya || JHDB,Sweets,Sweets,185.73 (kcal/24 H),8.33 (gm),24.5 (gm),8.4 (gm),5.41 (gm),82.83 (mg),1.85 (gm),3.64 (gm),0.0 (gm),2.25 (gm),1.75 (gm),23.49 (mg),10.11 (mg),21.1 (mg),75.05 (mg),1.01 (mg),0.49 (mg),57.89 (mg),14.24 (ug),0.06 (mg),0.12 (mg),0.09 (mg),1.21 (mg),0.04 (mg),34.73 (ug),0.0 (ug),0.0 (ug),0.48 (mg),2.04 (ug)
0,Mysore Pak || JHDB,Sweets,Sweets,783.07 (kcal/24 H),53.28 (gm),76.86 (gm),65.07 (gm),5.71 (gm),18.45 (mg),2.69 (gm),31.52 (gm),0.0 (gm),15.07 (gm),2.72 (gm),130.98 (mg),4.22 (mg),0.6 (mg),215.34 (mg),0.03 (mg),0.01 (mg),0.0 (mg),250.86 (ug),0.0 (mg),0.0 (mg),0.01 (mg),0.0 (mg),0.0 (mg),0.0 (ug),0.0 (ug),0.0 (ug),0.0 (mg),0.0 (ug)
0,Mango Shrikhand || JHDB,Sweets,Sweets,952.39 (kcal/24 H),1.61 (gm),171.33 (gm),165.3 (gm),75.47 (gm),139.18 (mg),6.78 (gm),0.39 (gm),0.0 (gm),0.58 (gm),0.3 (gm),43.2 (mg),48.7 (mg),42.72 (mg),704.0 (mg),0.79 (mg),0.42 (mg),58.99 (mg),1343.86 (ug),150.82 (mg),0.12 (mg),0.18 (mg),2.78 (mg),0.49 (mg),178.03 (ug),0.0 (ug),0.0 (ug),3.73 (mg),17.39 (ug)
0,Peanut Chikki || JHDB,Sweets,Sweets,477.12 (kcal/24 H),28.62 (gm),45.18 (gm),36.96 (gm),12.55 (gm),62.16 (mg),4.13 (gm),3.69 (gm),0.0 (gm),13.83 (gm),9.49 (gm),0.0 (mg),99.15 (mg),81.92 (mg),343.01 (mg),3.2 (mg),1.59 (mg),182.89 (mg),0.0 (ug),0.0 (mg),0.31 (mg),0.07 (mg),5.87 (mg),0.17 (mg),116.74 (ug),0.0 (ug),0.0 (ug),4.6 (mg),5.5 (ug)
0,Dosa Plain || JHDB,Idlis & Dosa ,Idlis & Dosa,55.1 (kcal/24 H),1.03 (gm),9.83 (gm),0.09 (gm),1.3 (gm),84.47 (mg),0.53 (gm),0.15 (gm),0.0 (gm),0.41 (gm),0.43 (gm),0.26 (mg),10.85 (mg),4.17 (mg),36.46 (mg),0.39 (mg),0.19 (mg),17.3 (mg),0.42 (ug),0.17 (mg),0.04 (mg),0.01 (mg),0.24 (mg),0.03 (mg),19.94 (ug),0.0 (ug),0.0 (ug),0.13 (mg),1.19 (ug)
0,Paper Dosa || JHDB,Idlis & Dosa ,Idlis & Dosa,491.85 (kcal/24 H),4.41 (gm),96.57 (gm),0.86 (gm),15.21 (gm),579.44 (mg),5.51 (gm),0.68 (gm),0.0 (gm),1.7 (gm),1.76 (gm),0.0 (mg),75.34 (mg),40.49 (mg),312.73 (mg),3.25 (mg),1.98 (mg),187.33 (mg),3.7 (ug),1.41 (mg),0.36 (mg),0.11 (mg),2.37 (mg),0.31 (mg),175.62 (ug),0.0 (ug),0.0 (ug),0.66 (mg),5.77 (ug)
0,Ragi Dosa || JHDB,Idlis & Dosa ,Idlis & Dosa,320.66 (kcal/24 H),10.49 (gm),48.11 (gm),5.47 (gm),9.3 (gm),314.63 (mg),3.66 (gm),3.24 (gm),0.0 (gm),3.0 (gm),3.6 (gm),4.49 (mg),80.48 (mg),74.97 (mg),345.04 (mg),2.61 (mg),1.63 (mg),197.38 (mg),122.04 (ug),38.4 (mg),0.25 (mg),0.13 (mg),3.28 (mg),0.27 (mg),32.35 (ug),0.19 (ug),0.53 (ug),0.82 (mg),15.51 (ug)
0,Schezwan Dosa || JHDB,Idlis & Dosa ,Idlis & Dosa,216.93 (kcal/24 H),7.64 (gm),31.73 (gm),3.9 (gm),6.92 (gm),555.75 (mg),5.98 (gm),2.64 (gm),0.0 (gm),2.36 (gm),1.61 (gm),8.06 (mg),48.57 (mg),9.82 (mg),408.0 (mg),2.66 (mg),0.17 (mg),22.95 (mg),853.68 (ug),17.77 (mg),0.04 (mg),0.03 (mg),0.43 (mg),0.09 (mg),19.56 (ug),0.01 (ug),0.0 (ug),0.86 (mg),42.19 (ug)
0,Ghee Roast Dosa || JHDB,Idlis & Dosa ,Idlis & Dosa,305.6 (kcal/24 H),7.58 (gm),48.35 (gm),1.11 (gm),12.02 (gm),452.72 (mg),6.24 (gm),4.21 (gm),0.0 (gm),2.1 (gm),0.69 (gm),18.25 (mg),81.41 (mg),32.14 (mg),335.21 (mg),3.96 (mg),1.53 (mg),131.66 (mg),37.66 (ug),2.05 (mg),0.43 (mg),0.1 (mg),1.69 (mg),0.25 (mg),245.0 (ug),0.0 (ug),0.0 (ug),0.22 (mg),2.08 (ug)
0,Oats Dosa || JHDB,Idlis & Dosa ,Idlis & Dosa,137.65 (kcal/24 H),2.41 (gm),23.43 (gm),0.46 (gm),5.23 (gm),101.5 (mg),1.58 (gm),0.35 (gm),0.0 (gm),0.9 (gm),0.95 (gm),0.9 (mg),14.32 (mg),20.74 (mg),75.66 (mg),0.62 (mg),0.47 (mg),56.77 (mg),13.43 (ug),1.45 (mg),0.09 (mg),0.03 (mg),0.9 (mg),0.06 (mg),18.21 (ug),0.0 (ug),0.0 (ug),0.26 (mg),4.11 (ug)
0,Onion Rava Dosa || JHDB,Idlis & Dosa ,Idlis & Dosa,149.15 (kcal/24 H),3.7 (gm),25.47 (gm),1.21 (gm),3.35 (gm),131.42 (mg),1.48 (gm),0.52 (gm),0.0 (gm),1.5 (gm),1.46 (gm),0.0 (mg),15.35 (mg),18.34 (mg),102.85 (mg),0.76 (mg),0.36 (mg),48.2 (mg),36.68 (ug),19.71 (mg),0.1 (mg),0.04 (mg),1.09 (mg),0.12 (mg),24.15 (ug),0.0 (ug),0.0 (ug),0.48 (mg),6.39 (ug)
0,Poha Dosa || JHDB,Idlis & Dosa ,Idlis & Dosa,44.84 (kcal/24 H),1.1 (gm),6.88 (gm),0.16 (gm),1.65 (gm),177.15 (mg),0.33 (gm),0.16 (gm),0.0 (gm),0.45 (gm),0.46 (gm),0.7 (mg),6.54 (mg),3.05 (mg),27.11 (mg),0.41 (mg),0.12 (mg),14.4 (mg),0.25 (ug),0.1 (mg),0.05 (mg),0.01 (mg),0.32 (mg),0.02 (mg),28.93 (ug),0.0 (ug),0.0 (ug),0.13 (mg),1.27 (ug)
0,Mysore Masala Dosa || JHDB,Idlis & Dosa ,Idlis & Dosa,360.27 (kcal/24 H),2.71 (gm),74.27 (gm),2.37 (gm),10.67 (gm),239.93 (mg),5.27 (gm),0.45 (gm),0.0 (gm),0.97 (gm),1.09 (gm),0.0 (mg),77.1 (mg),45.24 (mg),535.08 (mg),2.62 (mg),1.55 (mg),174.51 (mg),153.15 (ug),32.24 (mg),0.25 (mg),0.12 (mg),2.17 (mg),0.62 (mg),79.15 (ug),0.0 (ug),0.0 (ug),0.92 (mg),9.1 (ug)
0,Vendhaya Dosai || JHDB,Idlis & Dosa ,Idlis & Dosa,167.3 (kcal/24 H),5.6 (gm),23.45 (gm),0.92 (gm),6.19 (gm),239.87 (mg),3.87 (gm),0.82 (gm),0.0 (gm),2.05 (gm),2.29 (gm),0.89 (mg),54.68 (mg),30.51 (mg),260.31 (mg),2.87 (mg),0.83 (mg),79.48 (mg),6.22 (ug),7.63 (mg),0.23 (mg),0.08 (mg),0.87 (mg),0.12 (mg),111.49 (ug),0.0 (ug),0.0 (ug),0.7 (mg),10.43 (ug)
0,Cheese Dosa || JHDB,Idlis & Dosa ,Idlis & Dosa,227.33 (kcal/24 H),12.37 (gm),20.58 (gm),4.17 (gm),7.92 (gm),223.85 (mg),2.56 (gm),7.5 (gm),0.17 (gm),3.29 (gm),0.68 (gm),31.37 (mg),307.37 (mg),23.39 (mg),306.3 (mg),1.13 (mg),1.36 (mg),197.29 (mg),277.35 (ug),12.93 (mg),0.06 (mg),0.13 (mg),2.22 (mg),0.12 (mg),27.52 (ug),0.53 (ug),0.06 (ug),0.75 (mg),20.38 (ug)
0,Besan Chilla || JHDB,Idlis & Dosa ,Idlis & Dosa,90.42 (kcal/24 H),3.52 (gm),10.66 (gm),2.33 (gm),4.06 (gm),145.04 (mg),2.06 (gm),0.45 (gm),0.0 (gm),1.24 (gm),1.47 (gm),0.2 (mg),6.33 (mg),2.44 (mg),176.63 (mg),0.11 (mg),0.04 (mg),4.56 (mg),43.45 (ug),2.3 (mg),0.01 (mg),0.01 (mg),0.08 (mg),0.02 (mg),2.8 (ug),0.0 (ug),0.0 (ug),0.38 (mg),5.61 (ug)
0,Suji Ka Cheela || JHDB,Idlis & Dosa ,Idlis & Dosa,761.89 (kcal/24 H),15.98 (gm),129.84 (gm),3.97 (gm),22.82 (gm),795.03 (mg),7.98 (gm),2.23 (gm),0.0 (gm),6.09 (gm),6.56 (gm),0.61 (mg),85.8 (mg),100.97 (mg),542.32 (mg),2.88 (mg),1.99 (mg),260.69 (mg),215.64 (ug),112.41 (mg),0.53 (mg),0.19 (mg),6.05 (mg),0.35 (mg),138.9 (ug),0.0 (ug),0.0 (ug),2.08 (mg),29.52 (ug)
0,Moong Dal Cheela /Pessarattu || JHDB,Idlis & Dosa ,Idlis & Dosa,73.78 (kcal/24 H),1.41 (gm),11.59 (gm),1.47 (gm),4.26 (gm),199.6 (mg),2.97 (gm),0.23 (gm),0.0 (gm),0.53 (gm),0.56 (gm),0.0 (mg),30.98 (mg),35.4 (mg),239.09 (mg),1.32 (mg),0.49 (mg),66.85 (mg),31.28 (ug),10.25 (mg),0.11 (mg),0.05 (mg),0.44 (mg),0.08 (mg),109.45 (ug),0.0 (ug),0.0 (ug),0.29 (mg),4.59 (ug)
0,Idli  Plain || JHDB,Idlis & Dosa ,Idlis & Dosa,127.14 (kcal/24 H),0.26 (gm),26.99 (gm),0.16 (gm),3.59 (gm),49.29 (mg),1.06 (gm),0.06 (gm),0.0 (gm),0.07 (gm),0.08 (gm),0.0 (mg),11.78 (mg),10.49 (mg),75.1 (mg),0.73 (mg),0.52 (mg),50.64 (mg),0.74 (ug),0.28 (mg),0.09 (mg),0.03 (mg),0.7 (mg),0.08 (mg),40.99 (ug),0.0 (ug),0.0 (ug),0.06 (mg),0.34 (ug)
0,Rava Idli | Suji Ki Idli || JHDB,Idlis & Dosa ,Idlis & Dosa,107.24 (kcal/24 H),3.84 (gm),14.46 (gm),0.53 (gm),4.02 (gm),120.02 (mg),0.97 (gm),1.79 (gm),0.0 (gm),1.39 (gm),0.37 (gm),7.27 (mg),8.42 (mg),16.57 (mg),68.27 (mg),0.51 (mg),0.34 (mg),38.77 (mg),43.07 (ug),11.15 (mg),0.06 (mg),0.02 (mg),0.68 (mg),0.04 (mg),15.9 (ug),0.0 (ug),0.0 (ug),0.08 (mg),3.56 (ug)
0,Ragi Idli || JHDB,Idlis & Dosa ,Idlis & Dosa,295.5 (kcal/24 H),2.12 (gm),56.74 (gm),1.34 (gm),13.02 (gm),767.05 (mg),5.14 (gm),0.28 (gm),0.0 (gm),0.45 (gm),1.24 (gm),0.01 (mg),60.34 (mg),68.72 (mg),324.99 (mg),4.15 (mg),2.23 (mg),215.78 (mg),3.96 (ug),1.51 (mg),0.49 (mg),0.1 (mg),3.62 (mg),0.34 (mg),202.38 (ug),0.0 (ug),0.0 (ug),0.21 (mg),1.99 (ug)
0,Podi Idli || JHDB,Idlis & Dosa ,Idlis & Dosa,537.21 (kcal/24 H),7.59 (gm),101.28 (gm),4.69 (gm),31.98 (gm),2067.62 (mg),27.01 (gm),1.12 (gm),0.0 (gm),2.59 (gm),3.47 (gm),2.06 (mg),140.29 (mg),64.53 (mg),687.25 (mg),8.93 (mg),2.97 (mg),249.5 (mg),682.37 (ug),4.39 (mg),0.65 (mg),0.23 (mg),2.84 (mg),0.55 (mg),329.88 (ug),0.0 (ug),0.0 (ug),3.03 (mg),23.1 (ug)
0,Idli Upma || JHDB,Idlis & Dosa ,Idlis & Dosa,423.91 (kcal/24 H),17.59 (gm),60.41 (gm),5.05 (gm),3.21 (gm),1224.36 (mg),5.89 (gm),2.44 (gm),0.0 (gm),7.1 (gm),7.43 (gm),6.36 (mg),84.04 (mg),36.06 (mg),530.52 (mg),4.38 (mg),0.65 (mg),74.11 (mg),680.92 (ug),113.86 (mg),0.11 (mg),0.12 (mg),1.26 (mg),0.3 (mg),35.6 (ug),0.0 (ug),0.0 (ug),4.1 (mg),39.58 (ug)
0,Kanchipuram Idli || JHDB,Idlis & Dosa ,Idlis & Dosa,396.81 (kcal/24 H),7.65 (gm),69.71 (gm),0.88 (gm),12.62 (gm),786.85 (mg),5.12 (gm),2.65 (gm),0.0 (gm),2.62 (gm),1.88 (gm),8.19 (mg),88.32 (mg),39.28 (mg),311.27 (mg),2.89 (mg),1.67 (mg),168.2 (mg),38.45 (ug),1.62 (mg),0.35 (mg),0.1 (mg),2.82 (mg),0.35 (mg),149.35 (ug),0.0 (ug),0.0 (ug),0.63 (mg),8.88 (ug)
0,Idli Sambar || JHDB,Idlis & Dosa ,Idlis & Dosa,251.56 (kcal/24 H),12.73 (gm),25.31 (gm),5.52 (gm),11.52 (gm),241.18 (mg),8.6 (gm),2.06 (gm),0.01 (gm),4.7 (gm),4.83 (gm),23.0 (mg),93.99 (mg),48.86 (mg),494.16 (mg),3.76 (mg),1.3 (mg),132.31 (mg),815.15 (ug),21.79 (mg),0.24 (mg),0.14 (mg),2.49 (mg),0.28 (mg),95.16 (ug),0.13 (ug),0.01 (ug),1.53 (mg),30.13 (ug)
0,Paneer Tikka || JHDB,SNACKS,Fast Foods,468.46 (kcal/24 H),35.06 (gm),15.37 (gm),4.22 (gm),18.42 (gm),1058.6 (mg),2.48 (gm),10.18 (gm),0.53 (gm),9.77 (gm),2.91 (gm),64.52 (mg),568.72 (mg),33.8 (mg),249.43 (mg),1.74 (mg),0.23 (mg),168.25 (mg),451.5 (ug),19.8 (mg),0.08 (mg),0.14 (mg),0.38 (mg),0.12 (mg),7.73 (ug),0.0 (ug),0.0 (ug),0.81 (mg),3.57 (ug)
0,Samosa || JHDB,SNACKS,Fast Foods,189.38 (kcal/24 H),6.93 (gm),28.05 (gm),1.45 (gm),4.25 (gm),268.08 (mg),2.83 (gm),2.89 (gm),0.0 (gm),1.99 (gm),1.56 (gm),10.78 (mg),25.17 (mg),24.89 (mg),298.86 (mg),1.06 (mg),0.53 (mg),71.89 (mg),69.18 (ug),17.88 (mg),0.11 (mg),0.05 (mg),1.18 (mg),0.2 (mg),23.39 (ug),0.0 (ug),0.0 (ug),0.7 (mg),6.8 (ug)
0,Khaman Dhokla || JHDB,SNACKS,Fast Foods,220.75 (kcal/24 H),11.44 (gm),22.88 (gm),7.1 (gm),7.46 (gm),410.1 (mg),3.87 (gm),2.74 (gm),0.0 (gm),3.72 (gm),4.05 (gm),0.0 (mg),52.11 (mg),8.61 (mg),358.49 (mg),0.52 (mg),0.14 (mg),64.89 (mg),26.57 (ug),3.82 (mg),0.02 (mg),0.01 (mg),0.11 (mg),0.02 (mg),3.83 (ug),0.0 (ug),0.0 (ug),0.9 (mg),12.03 (ug)
0,Medu Vada (Uzhunnu Vada) || JHDB,SNACKS,Fast Foods,207.19 (kcal/24 H),3.47 (gm),32.96 (gm),1.53 (gm),12.62 (gm),101.59 (mg),5.79 (gm),1.31 (gm),0.0 (gm),0.92 (gm),1.01 (gm),0.0 (mg),22.46 (mg),27.48 (mg),379.07 (mg),3.6 (mg),1.71 (mg),148.66 (mg),39.4 (ug),16.23 (mg),0.45 (mg),0.11 (mg),1.4 (mg),0.29 (mg),242.06 (ug),0.0 (ug),0.0 (ug),0.52 (mg),7.32 (ug)
0,Dahi Vada || JHDB,SNACKS,Fast Foods,1653.05 (kcal/24 H),17.55 (gm),277.45 (gm),126.38 (gm),116.59 (gm),2943.04 (mg),28.37 (gm),2.95 (gm),0.0 (gm),8.39 (gm),4.77 (gm),36.0 (mg),306.22 (mg),247.36 (mg),2270.54 (mg),21.24 (mg),8.26 (mg),785.55 (mg),880.95 (ug),32.95 (mg),2.12 (mg),0.66 (mg),7.68 (mg),1.33 (mg),1002.94 (ug),0.0 (ug),0.0 (ug),3.38 (mg),132.15 (ug)
0,Spring Rolls || JHDB,SNACKS,Fast Foods,57.69 (kcal/24 H),1.92 (gm),8.74 (gm),0.74 (gm),1.53 (gm),129.17 (mg),0.85 (gm),0.28 (gm),0.0 (gm),0.72 (gm),0.8 (gm),0.85 (mg),16.52 (mg),6.58 (mg),69.87 (mg),0.63 (mg),0.15 (mg),18.39 (mg),204.66 (ug),8.33 (mg),0.08 (mg),0.06 (mg),0.78 (mg),0.04 (mg),28.51 (ug),0.0 (ug),0.0 (ug),0.19 (mg),25.49 (ug)
0,Khandvi || JHDB,SNACKS,Fast Foods,181.76 (kcal/24 H),7.12 (gm),17.08 (gm),3.78 (gm),12.65 (gm),419.36 (mg),3.31 (gm),1.51 (gm),0.0 (gm),2.38 (gm),2.61 (gm),3.75 (mg),35.51 (mg),13.42 (mg),250.91 (mg),0.62 (mg),0.23 (mg),21.8 (mg),33.31 (ug),3.12 (mg),0.02 (mg),0.01 (mg),0.16 (mg),0.02 (mg),4.82 (ug),0.0 (ug),0.0 (ug),0.52 (mg),8.98 (ug)
0,Methi Muthia || JHDB,SNACKS,Fast Foods,387.73 (kcal/24 H),19.45 (gm),40.07 (gm),7.88 (gm),14.2 (gm),757.06 (mg),7.02 (gm),3.09 (gm),0.01 (gm),5.95 (gm),6.5 (gm),0.0 (mg),81.05 (mg),35.34 (mg),744.49 (mg),2.67 (mg),0.42 (mg),72.58 (mg),65.11 (ug),12.93 (mg),0.12 (mg),0.17 (mg),0.91 (mg),0.04 (mg),10.95 (ug),0.0 (ug),0.0 (ug),1.52 (mg),52.16 (ug)
0,Hara Bhara Kabab || JHDB,SNACKS,Fast Foods,85.75 (kcal/24 H),3.93 (gm),10.4 (gm),2.01 (gm),2.77 (gm),164.97 (mg),2.48 (gm),0.54 (gm),0.0 (gm),1.53 (gm),1.6 (gm),0.0 (mg),38.0 (mg),26.24 (mg),271.98 (mg),0.92 (mg),0.4 (mg),43.47 (mg),414.84 (ug),29.63 (mg),0.09 (mg),0.06 (mg),0.81 (mg),0.15 (mg),41.56 (ug),0.0 (ug),0.0 (ug),0.73 (mg),70.44 (ug)
0,Chakli || JHDB,SNACKS,Fast Foods,52.12 (kcal/24 H),2.53 (gm),6.36 (gm),0.25 (gm),0.97 (gm),37.39 (mg),0.47 (gm),0.36 (gm),0.0 (gm),1.01 (gm),1.03 (gm),0.05 (mg),2.68 (mg),4.01 (mg),27.54 (mg),0.12 (mg),0.08 (mg),9.28 (mg),10.29 (ug),0.01 (mg),0.01 (mg),0.0 (mg),0.2 (mg),0.03 (mg),0.72 (ug),0.0 (ug),0.0 (ug),0.3 (mg),2.53 (ug)
0,Veg Cutlet || JHDB,SNACKS,Fast Foods,239.65 (kcal/24 H),10.76 (gm),30.92 (gm),4.6 (gm),5.69 (gm),163.54 (mg),4.13 (gm),1.58 (gm),0.0 (gm),4.2 (gm),4.39 (gm),0.0 (mg),63.28 (mg),33.34 (mg),380.77 (mg),2.24 (mg),0.83 (mg),98.38 (mg),1157.08 (ug),53.95 (mg),0.31 (mg),0.15 (mg),2.56 (mg),0.24 (mg),60.34 (ug),0.07 (ug),0.0 (ug),1.48 (mg),24.02 (ug)
0,Crispy Gobi Manchurian Dry || JHDB,SNACKS,Fast Foods,474.13 (kcal/24 H),18.79 (gm),69.03 (gm),6.67 (gm),12.44 (gm),786.71 (mg),6.77 (gm),2.73 (gm),0.0 (gm),7.43 (gm),7.64 (gm),0.0 (mg),202.11 (mg),62.92 (mg),988.68 (mg),4.18 (mg),1.68 (mg),238.08 (mg),180.55 (ug),167.29 (mg),0.51 (mg),0.38 (mg),3.64 (mg),1.33 (mg),196.74 (ug),0.0 (ug),0.0 (ug),2.71 (mg),88.89 (ug)
0,Bhel Puri || JHDB,SNACKS,Fast Foods,451.19 (kcal/24 H),8.78 (gm),80.28 (gm),16.55 (gm),15.48 (gm),651.14 (mg),10.99 (gm),1.0 (gm),0.11 (gm),1.36 (gm),3.56 (gm),0.0 (mg),117.62 (mg),97.25 (mg),951.82 (mg),5.29 (mg),1.62 (mg),219.85 (mg),258.09 (ug),23.48 (mg),0.38 (mg),0.18 (mg),2.47 (mg),0.59 (mg),268.23 (ug),0.0 (ug),0.0 (ug),1.08 (mg),16.4 (ug)
0,Cheese Balls || JHDB,SNACKS,Fast Foods,58.52 (kcal/24 H),3.95 (gm),3.55 (gm),0.38 (gm),2.3 (gm),75.84 (mg),0.51 (gm),1.49 (gm),0.06 (gm),1.3 (gm),0.81 (gm),6.6 (mg),49.12 (mg),4.53 (mg),73.93 (mg),0.11 (mg),0.28 (mg),36.87 (mg),28.43 (ug),2.23 (mg),0.01 (mg),0.03 (mg),0.12 (mg),0.04 (mg),3.58 (ug),0.07 (ug),0.04 (ug),0.24 (mg),2.86 (ug)
0,Bread Pakora || JHDB,SNACKS,Fast Foods,2909.91 (kcal/24 H),44.48 (gm),486.12 (gm),50.61 (gm),141.94 (gm),5410.55 (mg),69.21 (gm),8.63 (gm),0.21 (gm),9.12 (gm),19.95 (gm),0.41 (mg),1735.78 (mg),815.25 (mg),3262.45 (mg),27.05 (mg),19.08 (mg),2296.57 (mg),61.48 (ug),14.18 (mg),4.25 (mg),1.8 (mg),48.02 (mg),2.48 (mg),457.32 (ug),0.0 (ug),0.0 (ug),29.11 (mg),91.53 (ug)
0,Shankarpali || JHDB,SNACKS,Fast Foods,1627.22 (kcal/24 H),34.17 (gm),300.95 (gm),102.01 (gm),30.12 (gm),207.16 (mg),9.2 (gm),16.67 (gm),0.0 (gm),7.77 (gm),1.4 (gm),71.1 (mg),72.74 (mg),44.86 (mg),228.63 (mg),7.56 (mg),1.08 (mg),160.76 (mg),140.38 (ug),0.0 (mg),0.26 (mg),0.15 (mg),2.81 (mg),0.11 (mg),60.13 (ug),0.25 (ug),0.51 (ug),0.02 (mg),0.14 (ug)
0,Mathri || JHDB,SNACKS,Fast Foods,54.51 (kcal/24 H),1.93 (gm),8.23 (gm),0.07 (gm),1.21 (gm),26.91 (mg),0.61 (gm),0.89 (gm),0.0 (gm),0.59 (gm),0.3 (gm),3.44 (mg),4.88 (mg),5.35 (mg),23.45 (mg),0.61 (mg),0.13 (mg),17.58 (mg),7.04 (ug),0.02 (mg),0.07 (mg),0.05 (mg),0.61 (mg),0.01 (mg),24.98 (ug),0.0 (ug),0.0 (ug),0.07 (mg),0.87 (ug)
0,French Fries || JHDB,SNACKS,Fast Foods,312.85 (kcal/24 H),7.51 (gm),56.84 (gm),2.62 (gm),6.62 (gm),408.32 (mg),7.35 (gm),1.16 (gm),0.0 (gm),2.98 (gm),3.05 (gm),0.0 (mg),121.27 (mg),85.19 (mg),1376.4 (mg),3.05 (mg),1.03 (mg),183.17 (mg),15.99 (ug),63.86 (mg),0.26 (mg),0.1 (mg),3.4 (mg),0.98 (mg),52.53 (ug),0.0 (ug),0.0 (ug),0.85 (mg),14.64 (ug)
0,Dal Vada || JHDB,SNACKS,Fast Foods,37.1 (kcal/24 H),1.17 (gm),6.75 (gm),0.67 (gm),2.3 (gm),95.72 (mg),2.77 (gm),0.16 (gm),0.0 (gm),0.49 (gm),0.48 (gm),0.0 (mg),10.88 (mg),1.16 (mg),10.76 (mg),0.34 (mg),0.01 (mg),1.85 (mg),12.32 (ug),0.85 (mg),0.0 (mg),0.0 (mg),0.01 (mg),0.01 (mg),1.36 (ug),0.0 (ug),0.0 (ug),0.15 (mg),3.22 (ug)
0,Dal Vada | Parippu Vada || JHDB,SNACKS,Fast Foods,37.1 (kcal/24 H),1.17 (gm),6.75 (gm),0.67 (gm),2.3 (gm),95.72 (mg),2.77 (gm),0.16 (gm),0.0 (gm),0.49 (gm),0.48 (gm),0.0 (mg),10.88 (mg),1.16 (mg),10.76 (mg),0.34 (mg),0.01 (mg),1.85 (mg),12.32 (ug),0.85 (mg),0.0 (mg),0.0 (mg),0.01 (mg),0.01 (mg),1.36 (ug),0.0 (ug),0.0 (ug),0.15 (mg),3.22 (ug)
0,Vada Pav || JHDB,SNACKS,Fast Foods,313.1 (kcal/24 H),4.54 (gm),59.79 (gm),19.14 (gm),9.15 (gm),481.74 (mg),4.6 (gm),0.47 (gm),0.0 (gm),1.26 (gm),1.46 (gm),0.0 (mg),114.71 (mg),32.07 (mg),526.71 (mg),3.42 (mg),0.56 (mg),88.63 (mg),121.51 (ug),59.31 (mg),0.47 (mg),0.18 (mg),2.25 (mg),0.54 (mg),14.38 (ug),0.0 (ug),0.0 (ug),0.54 (mg),14.82 (ug)
0,Grilled Sandwich || JHDB,SNACKS,Fast Foods,233.76 (kcal/24 H),4.13 (gm),41.81 (gm),7.68 (gm),8.62 (gm),796.14 (mg),8.1 (gm),1.96 (gm),0.02 (gm),1.05 (gm),0.76 (gm),6.45 (mg),442.44 (mg),43.23 (mg),504.31 (mg),4.12 (mg),0.98 (mg),122.07 (mg),164.65 (ug),18.29 (mg),0.38 (mg),0.21 (mg),3.52 (mg),0.27 (mg),134.9 (ug),0.01 (ug),0.0 (ug),0.62 (mg),24.53 (ug)
0,Poha || JHDB,SNACKS,Fast Foods,439.4 (kcal/24 H),16.53 (gm),65.38 (gm),3.22 (gm),7.51 (gm),263.54 (mg),2.91 (gm),4.49 (gm),0.0 (gm),3.71 (gm),7.29 (gm),0.0 (mg),23.53 (mg),44.59 (mg),169.75 (mg),4.18 (mg),1.2 (mg),122.45 (mg),51.28 (ug),5.69 (mg),0.49 (mg),0.06 (mg),4.63 (mg),0.17 (mg),308.58 (ug),0.0 (ug),0.0 (ug),4.55 (mg),8.09 (ug)
0,Omelette || JHDB,Fish & Egg Products,Fish & Egg Products,274.12 (kcal/24 H),22.49 (gm),6.33 (gm),3.24 (gm),12.17 (gm),419.95 (mg),1.06 (gm),4.69 (gm),0.03 (gm),9.09 (gm),7.5 (gm),327.36 (mg),61.55 (mg),24.3 (mg),313.08 (mg),2.28 (mg),1.31 (mg),200.46 (mg),332.46 (ug),117.55 (mg),0.09 (mg),0.45 (mg),0.56 (mg),0.31 (mg),55.01 (ug),0.78 (ug),1.8 (ug),2.94 (mg),27.06 (ug)
0,Egg Bhurji || JHDB,Fish & Egg Products,Fish & Egg Products,234.08 (kcal/24 H),19.34 (gm),9.42 (gm),3.98 (gm),7.01 (gm),411.02 (mg),1.97 (gm),3.45 (gm),0.02 (gm),7.65 (gm),6.73 (gm),163.68 (mg),57.16 (mg),19.99 (mg),271.04 (mg),2.06 (mg),0.8 (mg),119.11 (mg),235.11 (ug),59.38 (mg),0.07 (mg),0.25 (mg),0.43 (mg),0.22 (mg),37.21 (ug),0.39 (ug),0.9 (ug),2.58 (mg),23.95 (ug)
0,Egg Masala || JHDB,Fish & Egg Products,Fish & Egg Products,212.32 (kcal/24 H),15.35 (gm),11.16 (gm),5.56 (gm),8.75 (gm),508.29 (mg),2.37 (gm),2.9 (gm),0.0 (gm),5.83 (gm),4.6 (gm),165.02 (mg),57.32 (mg),22.3 (mg),344.05 (mg),1.66 (mg),0.74 (mg),115.14 (mg),292.38 (ug),47.88 (mg),0.09 (mg),0.27 (mg),0.6 (mg),0.22 (mg),42.55 (ug),0.49 (ug),0.96 (ug),2.09 (mg),17.58 (ug)
0,Egg Fried Rice || JHDB,Fish & Egg Products,Fish & Egg Products,591.71 (kcal/24 H),17.77 (gm),88.65 (gm),1.53 (gm),16.74 (gm),714.54 (mg),2.32 (gm),3.76 (gm),0.03 (gm),10.44 (gm),2.62 (gm),245.52 (mg),81.51 (mg),43.04 (mg),324.64 (mg),2.46 (mg),2.13 (mg),272.11 (mg),184.65 (ug),32.31 (mg),0.13 (mg),0.38 (mg),2.08 (mg),0.4 (mg),49.88 (ug),0.59 (ug),1.35 (ug),2.54 (mg),29.03 (ug)
0,Egg Noodles || JHDB,Fish & Egg Products,Fish & Egg Products,2116.66 (kcal/24 H),33.87 (gm),372.41 (gm),17.26 (gm),78.84 (gm),407.85 (mg),19.91 (gm),8.34 (gm),0.32 (gm),13.08 (gm),8.41 (gm),583.68 (mg),239.06 (mg),323.2 (mg),1714.33 (mg),21.92 (mg),10.6 (mg),1356.59 (mg),1912.88 (ug),164.8 (mg),5.78 (mg),2.47 (mg),43.22 (mg),1.54 (mg),1915.06 (ug),1.84 (ug),2.4 (ug),4.46 (mg),20.33 (ug)
0,Egg Toast || JHDB,Fish & Egg Products,Fish & Egg Products,402.81 (kcal/24 H),17.11 (gm),49.68 (gm),14.02 (gm),15.55 (gm),1221.61 (mg),7.49 (gm),3.23 (gm),0.04 (gm),6.04 (gm),6.06 (gm),163.68 (mg),156.39 (mg),70.41 (mg),814.33 (mg),4.59 (mg),1.86 (mg),256.12 (mg),826.04 (ug),134.53 (mg),0.41 (mg),0.48 (mg),5.03 (mg),0.56 (mg),131.24 (ug),0.39 (ug),0.9 (ug),3.83 (mg),36.95 (ug)
0,Bread Omelette || JHDB,Fish & Egg Products,Fish & Egg Products,458.0 (kcal/24 H),26.65 (gm),33.83 (gm),9.54 (gm),20.53 (gm),1421.93 (mg),4.98 (gm),10.66 (gm),0.29 (gm),8.4 (gm),4.35 (gm),203.17 (mg),256.71 (mg),30.85 (mg),348.28 (mg),1.64 (mg),1.89 (mg),258.98 (mg),448.81 (ug),119.17 (mg),0.08 (mg),0.41 (mg),0.85 (mg),0.3 (mg),46.39 (ug),0.73 (ug),1.08 (ug),2.29 (mg),21.89 (ug)
0,Cheese Omelette || JHDB,Fish & Egg Products,Fish & Egg Products,359.33 (kcal/24 H),25.7 (gm),12.78 (gm),7.06 (gm),20.32 (gm),1132.58 (mg),3.41 (gm),9.88 (gm),0.34 (gm),8.77 (gm),4.78 (gm),360.03 (mg),305.29 (mg),38.65 (mg),473.65 (mg),2.47 (mg),2.73 (mg),368.07 (mg),513.51 (ug),155.08 (mg),0.12 (mg),0.67 (mg),1.35 (mg),0.57 (mg),112.91 (ug),1.15 (ug),2.0 (ug),3.9 (mg),18.94 (ug)
0,Egg Curry || JHDB,Fish & Egg Products,Fish & Egg Products,137.79 (kcal/24 H),9.59 (gm),8.08 (gm),4.1 (gm),5.69 (gm),236.83 (mg),2.0 (gm),1.96 (gm),0.01 (gm),3.69 (gm),3.08 (gm),130.94 (mg),49.6 (mg),18.54 (mg),305.16 (mg),1.14 (mg),0.68 (mg),101.53 (mg),271.55 (ug),13.66 (mg),0.06 (mg),0.19 (mg),0.56 (mg),0.18 (mg),36.31 (ug),0.31 (ug),0.72 (ug),1.55 (mg),13.71 (ug)
0,Egg Masala Gravy || JHDB,Fish & Egg Products,Fish & Egg Products,212.32 (kcal/24 H),15.35 (gm),11.16 (gm),5.56 (gm),8.75 (gm),508.29 (mg),2.37 (gm),2.9 (gm),0.0 (gm),5.83 (gm),4.6 (gm),165.02 (mg),57.32 (mg),22.3 (mg),344.05 (mg),1.66 (mg),0.74 (mg),115.14 (mg),292.38 (ug),47.88 (mg),0.09 (mg),0.27 (mg),0.6 (mg),0.22 (mg),42.55 (ug),0.49 (ug),0.96 (ug),2.09 (mg),17.58 (ug)
0,Egg Paratha || JHDB,Fish & Egg Products,Fish & Egg Products,231.13 (kcal/24 H),7.1 (gm),32.26 (gm),3.87 (gm),10.09 (gm),455.31 (mg),1.48 (gm),1.73 (gm),0.02 (gm),2.6 (gm),1.84 (gm),163.68 (mg),51.05 (mg),26.43 (mg),282.01 (mg),3.02 (mg),0.97 (mg),149.61 (mg),171.82 (ug),66.26 (mg),0.36 (mg),0.38 (mg),2.47 (mg),0.25 (mg),37.58 (ug),0.39 (ug),0.9 (ug),0.95 (mg),8.7 (ug)
0,Mushroom Masala || JHDB,Fish & Egg Products,Fish & Egg Products,171.33 (kcal/24 H),12.72 (gm),12.99 (gm),5.33 (gm),4.38 (gm),217.43 (mg),3.1 (gm),1.94 (gm),0.0 (gm),5.64 (gm),4.53 (gm),0.0 (mg),37.36 (mg),35.37 (mg),496.06 (mg),1.38 (mg),0.93 (mg),120.67 (mg),207.12 (ug),14.2 (mg),0.12 (mg),0.31 (mg),2.99 (mg),0.23 (mg),34.51 (ug),0.03 (ug),0.13 (ug),1.69 (mg),20.73 (ug)
0,Fish Curry || JHDB,Fish & Egg Products,Fish & Egg Products,256.49 (kcal/24 H),13.21 (gm),8.21 (gm),3.18 (gm),27.92 (gm),1077.84 (mg),1.67 (gm),1.05 (gm),0.04 (gm),7.15 (gm),3.16 (gm),30.0 (mg),95.08 (mg),18.27 (mg),177.78 (mg),2.49 (mg),0.33 (mg),37.51 (mg),202.72 (ug),8.92 (mg),0.04 (mg),0.04 (mg),0.37 (mg),0.12 (mg),11.92 (ug),0.0 (ug),0.0 (ug),2.27 (mg),14.84 (ug)
0,Mustard Fish || JHDB,Fish & Egg Products,Fish & Egg Products,440.24 (kcal/24 H),29.29 (gm),12.53 (gm),5.45 (gm),33.74 (gm),221.36 (mg),2.76 (gm),4.27 (gm),0.0 (gm),11.37 (gm),6.91 (gm),92.23 (mg),106.03 (mg),75.71 (mg),854.68 (mg),2.68 (mg),1.41 (mg),402.24 (mg),379.1 (ug),96.77 (mg),0.36 (mg),0.33 (mg),13.48 (mg),0.63 (mg),31.86 (ug),11.16 (ug),0.0 (ug),4.09 (mg),17.92 (ug)
0,Fish Tacos || JHDB,Fish & Egg Products,Fish & Egg Products,1488.68 (kcal/24 H),142.84 (gm),39.33 (gm),3.52 (gm),16.59 (gm),374.83 (mg),5.0 (gm),15.35 (gm),34.93 (gm),95.03 (gm),25.19 (gm),22.45 (mg),126.4 (mg),48.89 (mg),271.3 (mg),1.42 (mg),0.99 (mg),216.8 (mg),70.04 (ug),28.22 (mg),0.11 (mg),0.13 (mg),1.23 (mg),0.23 (mg),42.14 (ug),0.11 (ug),0.12 (ug),24.64 (mg),148.11 (ug)
0,Fish Tikka || JHDB,Fish & Egg Products,Fish & Egg Products,312.27 (kcal/24 H),19.9 (gm),10.47 (gm),6.28 (gm),24.62 (gm),496.48 (mg),2.19 (gm),4.74 (gm),0.0 (gm),6.01 (gm),6.63 (gm),126.03 (mg),211.49 (mg),56.72 (mg),793.96 (mg),1.74 (mg),3.78 (mg),350.83 (mg),359.32 (ug),46.76 (mg),0.08 (mg),0.41 (mg),10.47 (mg),0.2 (mg),44.46 (ug),20.16 (ug),23.89 (ug),4.53 (mg),10.12 (ug)
0,Fish Biryani || JHDB,Fish & Egg Products,Fish & Egg Products,777.96 (kcal/24 H),23.65 (gm),98.06 (gm),5.8 (gm),41.72 (gm),645.29 (mg),4.92 (gm),5.06 (gm),0.04 (gm),7.89 (gm),7.45 (gm),107.21 (mg),336.99 (mg),99.4 (mg),946.87 (mg),3.24 (mg),4.77 (mg),634.64 (mg),145.2 (ug),6.68 (mg),0.25 (mg),0.41 (mg),14.48 (mg),0.28 (mg),41.17 (ug),8.15 (ug),17.73 (ug),4.76 (mg),25.44 (ug)
0,Chilli Fish || JHDB,Fish & Egg Products,Fish & Egg Products,516.6 (kcal/24 H),39.42 (gm),19.63 (gm),5.36 (gm),22.46 (gm),1089.33 (mg),1.69 (gm),6.35 (gm),0.0 (gm),14.94 (gm),15.83 (gm),110.69 (mg),139.28 (mg),52.21 (mg),684.89 (mg),1.98 (mg),3.31 (mg),296.5 (mg),338.73 (ug),43.49 (mg),0.07 (mg),0.34 (mg),10.09 (mg),0.23 (mg),42.5 (ug),18.69 (ug),22.36 (ug),7.02 (mg),67.19 (ug)
0,Lemon Pepper Fish Fry || JHDB,Fish & Egg Products,Fish & Egg Products,144.15 (kcal/24 H),6.85 (gm),2.44 (gm),0.88 (gm),18.72 (gm),271.27 (mg),0.61 (gm),1.22 (gm),0.02 (gm),2.2 (gm),2.38 (gm),58.8 (mg),105.98 (mg),31.91 (mg),405.67 (mg),0.98 (mg),1.83 (mg),261.56 (mg),151.13 (ug),29.68 (mg),0.08 (mg),0.15 (mg),7.68 (mg),0.05 (mg),15.26 (ug),4.72 (ug),10.55 (ug),2.19 (mg),15.88 (ug)
0,Fish Fingers || JHDB,Fish & Egg Products,Fish & Egg Products,241.43 (kcal/24 H),14.9 (gm),10.17 (gm),1.16 (gm),17.03 (gm),461.16 (mg),1.0 (gm),3.0 (gm),0.01 (gm),4.81 (gm),5.3 (gm),128.35 (mg),111.64 (mg),31.84 (mg),401.6 (mg),1.84 (mg),2.39 (mg),217.63 (mg),79.44 (ug),2.02 (mg),0.13 (mg),0.29 (mg),7.07 (mg),0.05 (mg),41.0 (ug),12.63 (ug),15.21 (ug),2.78 (mg),7.08 (ug)
0,Fish Pulusu (Chepala Pulusu) || JHDB,Fish & Egg Products,Fish & Egg Products,459.25 (kcal/24 H),24.96 (gm),13.91 (gm),5.02 (gm),47.95 (gm),406.18 (mg),4.0 (gm),4.14 (gm),0.05 (gm),8.1 (gm),9.41 (gm),147.0 (mg),356.81 (mg),103.36 (mg),1106.89 (mg),3.45 (mg),4.98 (mg),700.04 (mg),263.82 (ug),60.36 (mg),0.27 (mg),0.38 (mg),19.27 (mg),0.15 (mg),44.36 (ug),11.8 (ug),26.37 (ug),6.2 (mg),33.66 (ug)
0,Salmon Curry || JHDB,Fish & Egg Products,Fish & Egg Products,555.31 (kcal/24 H),38.11 (gm),13.0 (gm),5.28 (gm),42.38 (gm),733.41 (mg),3.02 (gm),5.78 (gm),0.0 (gm),14.3 (gm),9.15 (gm),122.0 (mg),145.17 (mg),71.59 (mg),1010.93 (mg),2.85 (mg),1.39 (mg),462.93 (mg),545.74 (ug),11.04 (mg),0.39 (mg),0.4 (mg),17.37 (mg),0.72 (mg),21.09 (ug),14.76 (ug),0.0 (ug),5.42 (mg),35.44 (ug)
0,Kadai Chicken || JHDB,Meat & Chicken,Meat & Poultry,494.47 (kcal/24 H),28.37 (gm),10.33 (gm),4.67 (gm),49.86 (gm),401.56 (mg),4.89 (gm),7.09 (gm),0.23 (gm),11.43 (gm),7.67 (gm),145.28 (mg),69.22 (mg),86.7 (mg),1034.41 (mg),3.62 (mg),2.45 (mg),458.13 (mg),1219.06 (ug),21.13 (mg),0.22 (mg),0.32 (mg),24.42 (mg),1.51 (mg),34.59 (ug),0.77 (ug),0.91 (ug),5.46 (mg),28.25 (ug)
0,Chicken Biryani || JHDB,Meat & Chicken,Meat & Poultry,459.36 (kcal/24 H),8.54 (gm),67.31 (gm),3.03 (gm),25.29 (gm),122.91 (mg),3.39 (gm),1.76 (gm),0.01 (gm),4.53 (gm),1.16 (gm),57.64 (mg),111.36 (mg),58.9 (mg),533.0 (mg),4.67 (mg),1.7 (mg),292.07 (mg),92.33 (ug),6.99 (mg),0.56 (mg),0.22 (mg),10.84 (mg),0.83 (mg),320.45 (ug),0.23 (ug),0.02 (ug),1.57 (mg),7.71 (ug)
0,Dry Fried Curry Chicken || JHDB,Meat & Chicken,Meat & Poultry,449.2 (kcal/24 H),34.48 (gm),9.01 (gm),3.16 (gm),29.34 (gm),830.55 (mg),3.27 (gm),25.25 (gm),0.0 (gm),9.62 (gm),7.91 (gm),113.4 (mg),62.59 (mg),65.81 (mg),649.42 (mg),2.93 (mg),1.92 (mg),289.72 (mg),203.09 (ug),18.04 (mg),0.18 (mg),0.25 (mg),12.76 (mg),0.64 (mg),48.39 (ug),0.65 (ug),0.3 (ug),2.04 (mg),12.63 (ug)
0,Chicken Makhani  (Butter Chicken) || JHDB,Meat & Chicken,Meat & Poultry,362.39 (kcal/24 H),22.33 (gm),14.89 (gm),7.73 (gm),26.5 (gm),293.51 (mg),2.18 (gm),10.09 (gm),0.3 (gm),7.22 (gm),2.89 (gm),144.44 (mg),124.48 (mg),54.35 (mg),739.71 (mg),2.9 (mg),2.45 (mg),320.14 (mg),305.97 (ug),10.19 (mg),0.15 (mg),0.43 (mg),7.44 (mg),0.68 (mg),19.23 (ug),0.87 (ug),0.07 (ug),2.63 (mg),7.73 (ug)
0,Chicken Hariyali Tikka || JHDB,Meat & Chicken,Meat & Poultry,177.59 (kcal/24 H),4.5 (gm),7.02 (gm),3.5 (gm),26.98 (gm),1866.63 (mg),1.3 (gm),0.81 (gm),0.01 (gm),0.8 (gm),0.56 (gm),82.78 (mg),29.61 (mg),49.7 (mg),627.08 (mg),1.38 (mg),1.0 (mg),271.99 (mg),331.52 (ug),140.61 (mg),0.16 (mg),0.27 (mg),11.52 (mg),1.09 (mg),30.07 (ug),0.24 (ug),0.0 (ug),1.13 (mg),20.51 (ug)
0,Chicken 65 || JHDB,Meat & Chicken,Meat & Poultry,300.77 (kcal/24 H),15.62 (gm),11.67 (gm),2.34 (gm),28.12 (gm),1617.18 (mg),2.35 (gm),2.53 (gm),0.02 (gm),6.14 (gm),5.3 (gm),123.7 (mg),61.73 (mg),52.85 (mg),548.77 (mg),3.5 (mg),1.22 (mg),292.9 (mg),309.76 (ug),31.98 (mg),0.14 (mg),0.3 (mg),11.4 (mg),1.03 (mg),19.67 (ug),0.34 (ug),0.23 (ug),2.99 (mg),27.35 (ug)
0,Chicken Korma || JHDB,Meat & Chicken,Meat & Poultry,522.85 (kcal/24 H),29.11 (gm),15.97 (gm),7.8 (gm),48.39 (gm),1332.65 (mg),2.67 (gm),8.64 (gm),0.02 (gm),14.27 (gm),3.27 (gm),170.29 (mg),89.25 (mg),88.06 (mg),906.4 (mg),2.68 (mg),1.94 (mg),509.24 (mg),164.2 (ug),5.31 (mg),0.23 (mg),0.47 (mg),19.56 (mg),1.75 (mg),34.32 (ug),0.52 (ug),0.01 (ug),4.92 (mg),8.38 (ug)
0,Chicken Tikka Masala || JHDB,Meat & Chicken,Meat & Poultry,417.88 (kcal/24 H),25.75 (gm),18.16 (gm),9.0 (gm),30.32 (gm),680.33 (mg),3.72 (gm),9.52 (gm),0.38 (gm),8.33 (gm),5.59 (gm),118.4 (mg),102.59 (mg),70.18 (mg),1079.5 (mg),3.42 (mg),1.44 (mg),343.23 (mg),685.94 (ug),71.99 (mg),0.19 (mg),0.39 (mg),12.63 (mg),1.2 (mg),40.11 (ug),0.34 (ug),0.48 (ug),4.41 (mg),37.02 (ug)
0,Grilled Chicken Thighs Tandoori || JHDB,Meat & Chicken,Meat & Poultry,1072.24 (kcal/24 H),79.84 (gm),5.66 (gm),2.17 (gm),78.6 (gm),863.17 (mg),1.16 (gm),22.07 (gm),0.39 (gm),33.47 (gm),16.36 (gm),460.25 (mg),105.6 (mg),96.14 (mg),1072.14 (mg),3.96 (mg),6.37 (mg),780.06 (mg),294.18 (ug),0.81 (mg),0.36 (mg),0.75 (mg),21.67 (mg),1.67 (mg),17.83 (ug),3.03 (ug),0.37 (ug),1.53 (mg),12.26 (ug)
0,Tandoori Chicken Burgers || JHDB,Meat & Chicken,Meat & Poultry,392.99 (kcal/24 H),20.41 (gm),26.56 (gm),4.33 (gm),26.33 (gm),480.66 (mg),3.23 (gm),4.5 (gm),0.08 (gm),10.24 (gm),3.55 (gm),139.08 (mg),89.16 (mg),48.76 (mg),818.71 (mg),3.68 (mg),2.44 (mg),293.09 (mg),457.1 (ug),15.66 (mg),0.42 (mg),0.47 (mg),8.58 (mg),0.71 (mg),63.61 (ug),0.83 (ug),0.23 (ug),2.39 (mg),31.54 (ug)
0,Prawn Biryani (Shrimp Biryani) || JHDB,Meat & Chicken,Meat & Poultry,715.59 (kcal/24 H),19.85 (gm),91.07 (gm),3.38 (gm),40.74 (gm),1684.77 (mg),6.39 (gm),3.27 (gm),0.01 (gm),6.86 (gm),7.11 (gm),276.8 (mg),191.8 (mg),51.88 (mg),527.51 (mg),8.51 (mg),1.45 (mg),144.75 (mg),404.92 (ug),9.2 (mg),0.6 (mg),0.09 (mg),4.41 (mg),0.28 (mg),392.63 (ug),0.0 (ug),0.0 (ug),2.61 (mg),29.38 (ug)
